2026-05-27 06:53:54,842 INFO run_live_loop: connecting to 127.0.0.1:4002 clientId=14
2026-05-27 06:53:54,842 INFO ib_async.client: Connecting to 127.0.0.1:4002 with clientId 14...
2026-05-27 06:53:54,843 INFO ib_async.client: Connected
2026-05-27 06:53:54,854 INFO ib_async.client: Logged on to server version 178
2026-05-27 06:53:54,858 INFO ib_async.wrapper: Warning 2104, reqId -1: Market data farm connection is OK:usfarm
2026-05-27 06:53:54,858 INFO ib_async.wrapper: Warning 2106, reqId -1: HMDS data farm connection is OK:ushmds
2026-05-27 06:53:54,858 INFO ib_async.wrapper: Warning 2158, reqId -1: Sec-def data farm connection is OK:secdefil
2026-05-27 06:53:54,858 INFO ib_async.client: API connection ready
2026-05-27 06:53:54,860 INFO ib_async.wrapper: position: Position(account='DUQ426424', contract=Future(conId=770561189, symbol='M2K', lastTradeDateOrContractMonth='20260618', multiplier='5', currency='USD', localSymbol='M2KM6', tradingClass='M2K'), position=0.0, avgCost=0.0)
2026-05-27 06:53:55,162 INFO ib_async.wrapper: updatePortfolio: PortfolioItem(contract=Future(conId=770561189, symbol='M2K', lastTradeDateOrContractMonth='20260618', right='0', multiplier='5', primaryExchange='CME', currency='USD', localSymbol='M2KM6', tradingClass='M2K'), position=0.0, marketPrice=2939.0600586, marketValue=0.0, averageCost=0.0, unrealizedPNL=0.0, realizedPNL=-19.24, account='DUQ426424')
2026-05-27 06:53:55,267 INFO ib_async.wrapper: execDetails Execution(execId='0000e1a7.6a228db4.01.01', time=datetime.datetime(2026, 5, 27, 11, 33, 8, tzinfo=datetime.timezone.utc), acctNumber='DUQ426424', exchange='CME', side='BOT', shares=1.0, price=2942.6, permId=369699213, clientId=13, orderId=33, liquidation=0, cumQty=1.0, avgPrice=2942.6, orderRef='trend-1', evRule='', evMultiplier=0.0, modelCode='', lastLiquidity=1, pendingPriceRevision=False)
2026-05-27 06:53:55,267 INFO ib_async.wrapper: execDetails Execution(execId='0000e1a7.6a229243.01.01', time=datetime.datetime(2026, 5, 27, 11, 52, 12, tzinfo=datetime.timezone.utc), acctNumber='DUQ426424', exchange='CME', side='SLD', shares=1.0, price=2939.0, permId=369699216, clientId=14, orderId=17, liquidation=0, cumQty=1.0, avgPrice=2939.0, orderRef='', evRule='', evMultiplier=0.0, modelCode='', lastLiquidity=1, pendingPriceRevision=False)
2026-05-27 06:53:55,267 INFO ib_async.wrapper: commissionReport: CommissionReport(execId='0000e1a7.6a228db4.01.01', commission=0.62, currency='USD', realizedPNL=0.0, yield_=0.0, yieldRedemptionDate=0)
2026-05-27 06:53:55,267 INFO ib_async.wrapper: commissionReport: CommissionReport(execId='0000e1a7.6a229243.01.01', commission=0.62, currency='USD', realizedPNL=-19.24, yield_=0.0, yieldRedemptionDate=0)
2026-05-27 06:53:55,267 INFO ib_async.ib: Synchronization complete
2026-05-27 06:53:55,267 INFO run_live_loop: connected to paper account: DUQ426424
2026-05-27 06:53:55,267 WARNING run_live_loop: skipping symbols (no cells, no orders): ['MBT', 'MET']
2026-05-27 06:53:55,311 INFO run_daily_live: qualified M2K: M2KM6 exp 20260618
2026-05-27 06:53:55,348 INFO run_daily_live: qualified M6A: M6AM6 exp 20260615
2026-05-27 06:53:55,387 INFO run_daily_live: qualified M6B: M6BM6 exp 20260615
2026-05-27 06:53:55,425 INFO run_daily_live: qualified M6E: M6EM6 exp 20260615
2026-05-27 06:53:55,468 INFO run_daily_live: qualified MCL: MCLN6 exp 20260618
2026-05-27 06:53:55,510 INFO run_daily_live: qualified MES: MESM6 exp 20260618
2026-05-27 06:53:55,552 INFO run_daily_live: qualified MGC: MGCM6 exp 20260626
2026-05-27 06:53:55,592 INFO run_daily_live: qualified MJY: MJYM6 exp 20260615
2026-05-27 06:53:55,635 INFO run_daily_live: qualified MNQ: MNQM6 exp 20260618
2026-05-27 06:53:55,677 INFO run_daily_live: qualified MYM: MYMM6 exp 20260618
2026-05-27 06:53:55,719 INFO run_daily_live: qualified ZC: ZCN6 exp 20260714
2026-05-27 06:53:55,765 INFO run_daily_live: qualified ZN: ZNM6 exp 20260618
2026-05-27 06:53:55,808 INFO run_daily_live: qualified ZS: ZSN6 exp 20260714
2026-05-27 06:53:55,809 INFO run_live_loop: replaying history through SimBroker…
2026-05-27 06:53:55,899 INFO trend.runner: replayed 4950 bars for CoreTrend × MES through 2026-05-22
2026-05-27 06:53:55,961 INFO trend.runner: replayed 4950 bars for CoreTrend × MNQ through 2026-05-22
2026-05-27 06:53:55,991 INFO trend.runner: replayed 2762 bars for CoreTrend × M2K through 2026-05-22
2026-05-27 06:53:56,052 INFO trend.runner: replayed 4954 bars for CoreTrend × MYM through 2026-05-22
2026-05-27 06:53:56,112 INFO trend.runner: replayed 4953 bars for CoreTrend × MCL through 2026-05-22
2026-05-27 06:53:56,170 INFO trend.runner: replayed 4951 bars for CoreTrend × MGC through 2026-05-22
2026-05-27 06:53:56,230 INFO trend.runner: replayed 4950 bars for CoreTrend × M6E through 2026-05-22
2026-05-27 06:53:56,291 INFO trend.runner: replayed 4950 bars for CoreTrend × M6B through 2026-05-22
2026-05-27 06:53:56,349 INFO trend.runner: replayed 4950 bars for CoreTrend × MJY through 2026-05-22
2026-05-27 06:53:56,410 INFO trend.runner: replayed 4950 bars for CoreTrend × M6A through 2026-05-22
2026-05-27 06:53:56,465 INFO trend.runner: replayed 4954 bars for CoreTrend × ZN through 2026-05-22
2026-05-27 06:53:56,511 INFO trend.runner: replayed 4127 bars for CoreTrend × ZC through 2026-05-22
2026-05-27 06:53:56,553 INFO trend.runner: replayed 4127 bars for CoreTrend × ZS through 2026-05-22
2026-05-27 06:53:56,573 INFO trend.runner: replayed 4950 bars for TimeReturn × MES through 2026-05-22
2026-05-27 06:53:56,592 INFO trend.runner: replayed 4950 bars for TimeReturn × MNQ through 2026-05-22
2026-05-27 06:53:56,612 INFO trend.runner: replayed 4954 bars for TimeReturn × MYM through 2026-05-22
2026-05-27 06:53:56,633 INFO trend.runner: replayed 4953 bars for TimeReturn × MCL through 2026-05-22
2026-05-27 06:53:56,652 INFO trend.runner: replayed 4951 bars for TimeReturn × MGC through 2026-05-22
2026-05-27 06:53:56,672 INFO trend.runner: replayed 4950 bars for TimeReturn × M6E through 2026-05-22
2026-05-27 06:53:56,692 INFO trend.runner: replayed 4950 bars for TimeReturn × M6B through 2026-05-22
2026-05-27 06:53:56,712 INFO trend.runner: replayed 4950 bars for TimeReturn × MJY through 2026-05-22
2026-05-27 06:53:56,731 INFO trend.runner: replayed 4954 bars for TimeReturn × ZN through 2026-05-22
2026-05-27 06:53:56,745 INFO trend.runner: replayed 4127 bars for TimeReturn × ZS through 2026-05-22
2026-05-27 06:53:56,804 INFO trend.runner: replayed 4950 bars for CounterTrend × MES through 2026-05-22
2026-05-27 06:53:56,861 INFO trend.runner: replayed 4950 bars for CounterTrend × MNQ through 2026-05-22
2026-05-27 06:53:56,889 INFO trend.runner: replayed 2762 bars for CounterTrend × M2K through 2026-05-22
2026-05-27 06:53:56,947 INFO trend.runner: replayed 4954 bars for CounterTrend × MYM through 2026-05-22
2026-05-27 06:53:57,001 INFO trend.runner: replayed 4953 bars for CounterTrend × MCL through 2026-05-22
2026-05-27 06:53:57,055 INFO trend.runner: replayed 4951 bars for CounterTrend × MGC through 2026-05-22
2026-05-27 06:53:57,108 INFO trend.runner: replayed 4950 bars for CounterTrend × M6E through 2026-05-22
2026-05-27 06:53:57,161 INFO trend.runner: replayed 4950 bars for CounterTrend × M6B through 2026-05-22
2026-05-27 06:53:57,213 INFO trend.runner: replayed 4950 bars for CounterTrend × MJY through 2026-05-22
2026-05-27 06:53:57,262 INFO trend.runner: replayed 4954 bars for CounterTrend × ZN through 2026-05-22
2026-05-27 06:53:57,301 INFO trend.runner: replayed 4127 bars for CounterTrend × ZC through 2026-05-22
2026-05-27 06:53:57,338 INFO trend.runner: replayed 4127 bars for CounterTrend × ZS through 2026-05-22
2026-05-27 06:53:57,338 INFO run_live_loop: catching up completed sessions through 2026-05-26…
2026-05-27 06:53:58,528 INFO run_live_loop: catch-up ticked session 2026-05-06 (12 symbols)
2026-05-27 06:53:58,529 INFO run_live_loop: catch-up ticked session 2026-05-07 (12 symbols)
2026-05-27 06:53:58,529 INFO run_live_loop: catch-up ticked session 2026-05-08 (12 symbols)
2026-05-27 06:53:58,529 INFO run_live_loop: catch-up ticked session 2026-05-11 (13 symbols)
2026-05-27 06:53:58,529 INFO run_live_loop: catch-up ticked session 2026-05-12 (13 symbols)
2026-05-27 06:53:58,529 INFO run_live_loop: catch-up ticked session 2026-05-13 (13 symbols)
2026-05-27 06:53:58,529 INFO run_live_loop: catch-up ticked session 2026-05-14 (13 symbols)
2026-05-27 06:53:58,529 INFO run_live_loop: catch-up ticked session 2026-05-15 (13 symbols)
2026-05-27 06:53:58,529 INFO run_live_loop: catch-up ticked session 2026-05-18 (13 symbols)
2026-05-27 06:53:58,530 INFO run_live_loop: catch-up ticked session 2026-05-19 (13 symbols)
2026-05-27 06:53:58,530 INFO run_live_loop: catch-up ticked session 2026-05-20 (13 symbols)
2026-05-27 06:53:58,530 INFO run_live_loop: catch-up ticked session 2026-05-21 (13 symbols)
2026-05-27 06:53:58,530 INFO run_live_loop: catch-up ticked session 2026-05-22 (13 symbols)
2026-05-27 06:53:58,533 INFO run_live_loop: catch-up ticked session 2026-05-26 (13 symbols)
2026-05-27 06:53:58,533 WARNING run_live_loop: FIRST RUN: forcing all cells flat after replay+catch-up
2026-05-27 06:53:58,533 WARNING run_live_loop: reset 2 strategies stuck in *_SENT state
2026-05-27 06:53:58,534 INFO run_live_loop: startup reconcile severity=ok
2026-05-27 06:53:58,534 INFO run_live_loop: entering daily tick loop (fires weekdays at 17:30 ET)
2026-05-27 06:53:58,534 INFO run_live_loop: next tick at 2026-05-27T17:30:00-04:00
2026-05-27 06:55:13,549 INFO ib_async.wrapper: updatePortfolio: PortfolioItem(contract=Future(conId=770561189, symbol='M2K', lastTradeDateOrContractMonth='20260618', right='0', multiplier='5', primaryExchange='CME', currency='USD', localSymbol='M2KM6', tradingClass='M2K'), position=0.0, marketPrice=2937.9729004, marketValue=0.0, averageCost=0.0, unrealizedPNL=0.0, realizedPNL=-19.24, account='DUQ426424')
2026-05-27 06:58:05,162 INFO ib_async.wrapper: position: Position(account='DUQ426424', contract=Future(conId=770561189, symbol='M2K', lastTradeDateOrContractMonth='20260618', multiplier='5', currency='USD', localSymbol='M2KM6', tradingClass='M2K'), position=0.0, avgCost=0.0)
2026-05-27 06:58:13,539 INFO ib_async.wrapper: updatePortfolio: PortfolioItem(contract=Future(conId=770561189, symbol='M2K', lastTradeDateOrContractMonth='20260618', right='0', multiplier='5', primaryExchange='CME', currency='USD', localSymbol='M2KM6', tradingClass='M2K'), position=0.0, marketPrice=2937.9399414, marketValue=0.0, averageCost=0.0, unrealizedPNL=0.0, realizedPNL=-19.24, account='DUQ426424')
2026-05-27 07:01:13,533 INFO ib_async.wrapper: updatePortfolio: PortfolioItem(contract=Future(conId=770561189, symbol='M2K', lastTradeDateOrContractMonth='20260618', right='0', multiplier='5', primaryExchange='CME', currency='USD', localSymbol='M2KM6', tradingClass='M2K'), position=0.0, marketPrice=2936.3659668, marketValue=0.0, averageCost=0.0, unrealizedPNL=0.0, realizedPNL=-19.24, account='DUQ426424')
2026-05-27 07:04:13,603 INFO ib_async.wrapper: updatePortfolio: PortfolioItem(contract=Future(conId=770561189, symbol='M2K', lastTradeDateOrContractMonth='20260618', right='0', multiplier='5', primaryExchange='CME', currency='USD', localSymbol='M2KM6', tradingClass='M2K'), position=0.0, marketPrice=2935.4399414, marketValue=0.0, averageCost=0.0, unrealizedPNL=0.0, realizedPNL=-19.24, account='DUQ426424')
2026-05-27 07:07:13,545 INFO ib_async.wrapper: updatePortfolio: PortfolioItem(contract=Future(conId=770561189, symbol='M2K', lastTradeDateOrContractMonth='20260618', right='0', multiplier='5', primaryExchange='CME', currency='USD', localSymbol='M2KM6', tradingClass='M2K'), position=0.0, marketPrice=2935.73999025, marketValue=0.0, averageCost=0.0, unrealizedPNL=0.0, realizedPNL=-19.24, account='DUQ426424')
2026-05-27 07:10:13,535 INFO ib_async.wrapper: updatePortfolio: PortfolioItem(contract=Future(conId=770561189, symbol='M2K', lastTradeDateOrContractMonth='20260618', right='0', multiplier='5', primaryExchange='CME', currency='USD', localSymbol='M2KM6', tradingClass='M2K'), position=0.0, marketPrice=2935.3400879, marketValue=0.0, averageCost=0.0, unrealizedPNL=0.0, realizedPNL=-19.24, account='DUQ426424')
2026-05-27 07:13:13,560 INFO ib_async.wrapper: updatePortfolio: PortfolioItem(contract=Future(conId=770561189, symbol='M2K', lastTradeDateOrContractMonth='20260618', right='0', multiplier='5', primaryExchange='CME', currency='USD', localSymbol='M2KM6', tradingClass='M2K'), position=0.0, marketPrice=2935.76000975, marketValue=0.0, averageCost=0.0, unrealizedPNL=0.0, realizedPNL=-19.24, account='DUQ426424')
2026-05-27 07:16:13,585 INFO ib_async.wrapper: updatePortfolio: PortfolioItem(contract=Future(conId=770561189, symbol='M2K', lastTradeDateOrContractMonth='20260618', right='0', multiplier='5', primaryExchange='CME', currency='USD', localSymbol='M2KM6', tradingClass='M2K'), position=0.0, marketPrice=2934.39038085, marketValue=0.0, averageCost=0.0, unrealizedPNL=0.0, realizedPNL=-19.24, account='DUQ426424')
2026-05-27 07:19:13,602 INFO ib_async.wrapper: updatePortfolio: PortfolioItem(contract=Future(conId=770561189, symbol='M2K', lastTradeDateOrContractMonth='20260618', right='0', multiplier='5', primaryExchange='CME', currency='USD', localSymbol='M2KM6', tradingClass='M2K'), position=0.0, marketPrice=2943.19995115, marketValue=0.0, averageCost=0.0, unrealizedPNL=0.0, realizedPNL=-19.24, account='DUQ426424')
2026-05-27 07:22:13,607 INFO ib_async.wrapper: updatePortfolio: PortfolioItem(contract=Future(conId=770561189, symbol='M2K', lastTradeDateOrContractMonth='20260618', right='0', multiplier='5', primaryExchange='CME', currency='USD', localSymbol='M2KM6', tradingClass='M2K'), position=0.0, marketPrice=2947.0666504, marketValue=0.0, averageCost=0.0, unrealizedPNL=0.0, realizedPNL=-19.24, account='DUQ426424')
2026-05-27 07:25:13,698 INFO ib_async.wrapper: updatePortfolio: PortfolioItem(contract=Future(conId=770561189, symbol='M2K', lastTradeDateOrContractMonth='20260618', right='0', multiplier='5', primaryExchange='CME', currency='USD', localSymbol='M2KM6', tradingClass='M2K'), position=0.0, marketPrice=2943.34399415, marketValue=0.0, averageCost=0.0, unrealizedPNL=0.0, realizedPNL=-19.24, account='DUQ426424')
2026-05-27 07:28:13,621 INFO ib_async.wrapper: updatePortfolio: PortfolioItem(contract=Future(conId=770561189, symbol='M2K', lastTradeDateOrContractMonth='20260618', right='0', multiplier='5', primaryExchange='CME', currency='USD', localSymbol='M2KM6', tradingClass='M2K'), position=0.0, marketPrice=2945.60009765, marketValue=0.0, averageCost=0.0, unrealizedPNL=0.0, realizedPNL=-19.24, account='DUQ426424')
2026-05-27 07:31:13,623 INFO ib_async.wrapper: updatePortfolio: PortfolioItem(contract=Future(conId=770561189, symbol='M2K', lastTradeDateOrContractMonth='20260618', right='0', multiplier='5', primaryExchange='CME', currency='USD', localSymbol='M2KM6', tradingClass='M2K'), position=0.0, marketPrice=2946.57421875, marketValue=0.0, averageCost=0.0, unrealizedPNL=0.0, realizedPNL=-19.24, account='DUQ426424')
2026-05-27 07:34:13,649 INFO ib_async.wrapper: updatePortfolio: PortfolioItem(contract=Future(conId=770561189, symbol='M2K', lastTradeDateOrContractMonth='20260618', right='0', multiplier='5', primaryExchange='CME', currency='USD', localSymbol='M2KM6', tradingClass='M2K'), position=0.0, marketPrice=2941.73999025, marketValue=0.0, averageCost=0.0, unrealizedPNL=0.0, realizedPNL=-19.24, account='DUQ426424')
2026-05-27 07:37:13,682 INFO ib_async.wrapper: updatePortfolio: PortfolioItem(contract=Future(conId=770561189, symbol='M2K', lastTradeDateOrContractMonth='20260618', right='0', multiplier='5', primaryExchange='CME', currency='USD', localSymbol='M2KM6', tradingClass='M2K'), position=0.0, marketPrice=2942.6599121, marketValue=0.0, averageCost=0.0, unrealizedPNL=0.0, realizedPNL=-19.24, account='DUQ426424')
2026-05-27 07:40:13,620 INFO ib_async.wrapper: updatePortfolio: PortfolioItem(contract=Future(conId=770561189, symbol='M2K', lastTradeDateOrContractMonth='20260618', right='0', multiplier='5', primaryExchange='CME', currency='USD', localSymbol='M2KM6', tradingClass='M2K'), position=0.0, marketPrice=2940.73999025, marketValue=0.0, averageCost=0.0, unrealizedPNL=0.0, realizedPNL=-19.24, account='DUQ426424')
2026-05-27 07:43:13,624 INFO ib_async.wrapper: updatePortfolio: PortfolioItem(contract=Future(conId=770561189, symbol='M2K', lastTradeDateOrContractMonth='20260618', right='0', multiplier='5', primaryExchange='CME', currency='USD', localSymbol='M2KM6', tradingClass='M2K'), position=0.0, marketPrice=2940.3598633, marketValue=0.0, averageCost=0.0, unrealizedPNL=0.0, realizedPNL=-19.24, account='DUQ426424')
2026-05-27 07:46:13,668 INFO ib_async.wrapper: updatePortfolio: PortfolioItem(contract=Future(conId=770561189, symbol='M2K', lastTradeDateOrContractMonth='20260618', right='0', multiplier='5', primaryExchange='CME', currency='USD', localSymbol='M2KM6', tradingClass='M2K'), position=0.0, marketPrice=2940.0600586, marketValue=0.0, averageCost=0.0, unrealizedPNL=0.0, realizedPNL=-19.24, account='DUQ426424')
2026-05-27 07:49:13,691 INFO ib_async.wrapper: updatePortfolio: PortfolioItem(contract=Future(conId=770561189, symbol='M2K', lastTradeDateOrContractMonth='20260618', right='0', multiplier='5', primaryExchange='CME', currency='USD', localSymbol='M2KM6', tradingClass='M2K'), position=0.0, marketPrice=2937.9399414, marketValue=0.0, averageCost=0.0, unrealizedPNL=0.0, realizedPNL=-19.24, account='DUQ426424')
2026-05-27 07:52:13,713 INFO ib_async.wrapper: updatePortfolio: PortfolioItem(contract=Future(conId=770561189, symbol='M2K', lastTradeDateOrContractMonth='20260618', right='0', multiplier='5', primaryExchange='CME', currency='USD', localSymbol='M2KM6', tradingClass='M2K'), position=0.0, marketPrice=2938.69995115, marketValue=0.0, averageCost=0.0, unrealizedPNL=0.0, realizedPNL=-19.24, account='DUQ426424')
2026-05-27 07:55:13,737 INFO ib_async.wrapper: updatePortfolio: PortfolioItem(contract=Future(conId=770561189, symbol='M2K', lastTradeDateOrContractMonth='20260618', right='0', multiplier='5', primaryExchange='CME', currency='USD', localSymbol='M2KM6', tradingClass='M2K'), position=0.0, marketPrice=2939.0, marketValue=0.0, averageCost=0.0, unrealizedPNL=0.0, realizedPNL=-19.24, account='DUQ426424')
2026-05-27 07:58:13,641 INFO ib_async.wrapper: updatePortfolio: PortfolioItem(contract=Future(conId=770561189, symbol='M2K', lastTradeDateOrContractMonth='20260618', right='0', multiplier='5', primaryExchange='CME', currency='USD', localSymbol='M2KM6', tradingClass='M2K'), position=0.0, marketPrice=2937.69995115, marketValue=0.0, averageCost=0.0, unrealizedPNL=0.0, realizedPNL=-19.24, account='DUQ426424')
2026-05-27 08:01:13,677 INFO ib_async.wrapper: updatePortfolio: PortfolioItem(contract=Future(conId=770561189, symbol='M2K', lastTradeDateOrContractMonth='20260618', right='0', multiplier='5', primaryExchange='CME', currency='USD', localSymbol='M2KM6', tradingClass='M2K'), position=0.0, marketPrice=2938.39990235, marketValue=0.0, averageCost=0.0, unrealizedPNL=0.0, realizedPNL=-19.24, account='DUQ426424')
2026-05-27 08:04:13,705 INFO ib_async.wrapper: updatePortfolio: PortfolioItem(contract=Future(conId=770561189, symbol='M2K', lastTradeDateOrContractMonth='20260618', right='0', multiplier='5', primaryExchange='CME', currency='USD', localSymbol='M2KM6', tradingClass='M2K'), position=0.0, marketPrice=2937.32836915, marketValue=0.0, averageCost=0.0, unrealizedPNL=0.0, realizedPNL=-19.24, account='DUQ426424')
2026-05-27 08:07:13,649 INFO ib_async.wrapper: updatePortfolio: PortfolioItem(contract=Future(conId=770561189, symbol='M2K', lastTradeDateOrContractMonth='20260618', right='0', multiplier='5', primaryExchange='CME', currency='USD', localSymbol='M2KM6', tradingClass='M2K'), position=0.0, marketPrice=2936.1599121, marketValue=0.0, averageCost=0.0, unrealizedPNL=0.0, realizedPNL=-19.24, account='DUQ426424')
2026-05-27 08:10:13,655 INFO ib_async.wrapper: updatePortfolio: PortfolioItem(contract=Future(conId=770561189, symbol='M2K', lastTradeDateOrContractMonth='20260618', right='0', multiplier='5', primaryExchange='CME', currency='USD', localSymbol='M2KM6', tradingClass='M2K'), position=0.0, marketPrice=2934.45996095, marketValue=0.0, averageCost=0.0, unrealizedPNL=0.0, realizedPNL=-19.24, account='DUQ426424')
2026-05-27 08:13:13,657 INFO ib_async.wrapper: updatePortfolio: PortfolioItem(contract=Future(conId=770561189, symbol='M2K', lastTradeDateOrContractMonth='20260618', right='0', multiplier='5', primaryExchange='CME', currency='USD', localSymbol='M2KM6', tradingClass='M2K'), position=0.0, marketPrice=2933.0600586, marketValue=0.0, averageCost=0.0, unrealizedPNL=0.0, realizedPNL=-19.24, account='DUQ426424')
2026-05-27 08:15:52,225 INFO ib_async.wrapper: Warning 2103, reqId -1: Market data farm connection is broken:usfarm
2026-05-27 08:15:52,428 INFO ib_async.wrapper: Warning 2105, reqId -1: HMDS data farm connection is broken:ushmds
2026-05-27 08:15:52,431 INFO ib_async.wrapper: Warning 2157, reqId -1: Sec-def data farm connection is broken:secdefil
2026-05-27 08:15:52,689 INFO ib_async.wrapper: Warning 2106, reqId -1: HMDS data farm connection is OK:ushmds
2026-05-27 08:15:52,692 INFO ib_async.wrapper: Warning 2158, reqId -1: Sec-def data farm connection is OK:secdefil
2026-05-27 08:15:53,206 INFO ib_async.wrapper: Warning 2104, reqId -1: Market data farm connection is OK:usfarm
2026-05-27 08:16:13,627 INFO ib_async.wrapper: updatePortfolio: PortfolioItem(contract=Future(conId=770561189, symbol='M2K', lastTradeDateOrContractMonth='20260618', right='0', multiplier='5', primaryExchange='CME', currency='USD', localSymbol='M2KM6', tradingClass='M2K'), position=0.0, marketPrice=2933.9399414, marketValue=0.0, averageCost=0.0, unrealizedPNL=0.0, realizedPNL=-19.24, account='DUQ426424')
2026-05-27 08:19:13,612 INFO ib_async.wrapper: updatePortfolio: PortfolioItem(contract=Future(conId=770561189, symbol='M2K', lastTradeDateOrContractMonth='20260618', right='0', multiplier='5', primaryExchange='CME', currency='USD', localSymbol='M2KM6', tradingClass='M2K'), position=0.0, marketPrice=2933.69995115, marketValue=0.0, averageCost=0.0, unrealizedPNL=0.0, realizedPNL=-19.24, account='DUQ426424')
2026-05-27 08:22:13,620 INFO ib_async.wrapper: updatePortfolio: PortfolioItem(contract=Future(conId=770561189, symbol='M2K', lastTradeDateOrContractMonth='20260618', right='0', multiplier='5', primaryExchange='CME', currency='USD', localSymbol='M2KM6', tradingClass='M2K'), position=0.0, marketPrice=2934.54003905, marketValue=0.0, averageCost=0.0, unrealizedPNL=0.0, realizedPNL=-19.24, account='DUQ426424')
2026-05-27 08:25:13,605 INFO ib_async.wrapper: updatePortfolio: PortfolioItem(contract=Future(conId=770561189, symbol='M2K', lastTradeDateOrContractMonth='20260618', right='0', multiplier='5', primaryExchange='CME', currency='USD', localSymbol='M2KM6', tradingClass='M2K'), position=0.0, marketPrice=2934.36083985, marketValue=0.0, averageCost=0.0, unrealizedPNL=0.0, realizedPNL=-19.24, account='DUQ426424')
2026-05-27 08:28:13,606 INFO ib_async.wrapper: updatePortfolio: PortfolioItem(contract=Future(conId=770561189, symbol='M2K', lastTradeDateOrContractMonth='20260618', right='0', multiplier='5', primaryExchange='CME', currency='USD', localSymbol='M2KM6', tradingClass='M2K'), position=0.0, marketPrice=2934.04003905, marketValue=0.0, averageCost=0.0, unrealizedPNL=0.0, realizedPNL=-19.24, account='DUQ426424')
2026-05-27 08:31:45,279 INFO ib_async.wrapper: updatePortfolio: PortfolioItem(contract=Future(conId=770561189, symbol='M2K', lastTradeDateOrContractMonth='20260618', right='0', multiplier='5', primaryExchange='CME', currency='USD', localSymbol='M2KM6', tradingClass='M2K'), position=0.0, marketPrice=2926.19995115, marketValue=0.0, averageCost=0.0, unrealizedPNL=0.0, realizedPNL=-19.24, account='DUQ426424')
2026-05-27 08:34:45,306 INFO ib_async.wrapper: updatePortfolio: PortfolioItem(contract=Future(conId=770561189, symbol='M2K', lastTradeDateOrContractMonth='20260618', right='0', multiplier='5', primaryExchange='CME', currency='USD', localSymbol='M2KM6', tradingClass='M2K'), position=0.0, marketPrice=2930.30004885, marketValue=0.0, averageCost=0.0, unrealizedPNL=0.0, realizedPNL=-19.24, account='DUQ426424')
2026-05-27 08:37:45,268 INFO ib_async.wrapper: updatePortfolio: PortfolioItem(contract=Future(conId=770561189, symbol='M2K', lastTradeDateOrContractMonth='20260618', right='0', multiplier='5', primaryExchange='CME', currency='USD', localSymbol='M2KM6', tradingClass='M2K'), position=0.0, marketPrice=2921.23999025, marketValue=0.0, averageCost=0.0, unrealizedPNL=0.0, realizedPNL=-19.24, account='DUQ426424')
2026-05-27 08:40:45,286 INFO ib_async.wrapper: updatePortfolio: PortfolioItem(contract=Future(conId=770561189, symbol='M2K', lastTradeDateOrContractMonth='20260618', right='0', multiplier='5', primaryExchange='CME', currency='USD', localSymbol='M2KM6', tradingClass='M2K'), position=0.0, marketPrice=2924.80004885, marketValue=0.0, averageCost=0.0, unrealizedPNL=0.0, realizedPNL=-19.24, account='DUQ426424')
2026-05-27 08:43:45,337 INFO ib_async.wrapper: updatePortfolio: PortfolioItem(contract=Future(conId=770561189, symbol='M2K', lastTradeDateOrContractMonth='20260618', right='0', multiplier='5', primaryExchange='CME', currency='USD', localSymbol='M2KM6', tradingClass='M2K'), position=0.0, marketPrice=2921.10009765, marketValue=0.0, averageCost=0.0, unrealizedPNL=0.0, realizedPNL=-19.24, account='DUQ426424')
2026-05-27 08:46:45,345 INFO ib_async.wrapper: updatePortfolio: PortfolioItem(contract=Future(conId=770561189, symbol='M2K', lastTradeDateOrContractMonth='20260618', right='0', multiplier='5', primaryExchange='CME', currency='USD', localSymbol='M2KM6', tradingClass='M2K'), position=0.0, marketPrice=2918.0, marketValue=0.0, averageCost=0.0, unrealizedPNL=0.0, realizedPNL=-19.24, account='DUQ426424')
2026-05-27 08:49:45,384 INFO ib_async.wrapper: updatePortfolio: PortfolioItem(contract=Future(conId=770561189, symbol='M2K', lastTradeDateOrContractMonth='20260618', right='0', multiplier='5', primaryExchange='CME', currency='USD', localSymbol='M2KM6', tradingClass='M2K'), position=0.0, marketPrice=2916.3400879, marketValue=0.0, averageCost=0.0, unrealizedPNL=0.0, realizedPNL=-19.24, account='DUQ426424')
2026-05-27 08:52:45,385 INFO ib_async.wrapper: updatePortfolio: PortfolioItem(contract=Future(conId=770561189, symbol='M2K', lastTradeDateOrContractMonth='20260618', right='0', multiplier='5', primaryExchange='CME', currency='USD', localSymbol='M2KM6', tradingClass='M2K'), position=0.0, marketPrice=2922.69995115, marketValue=0.0, averageCost=0.0, unrealizedPNL=0.0, realizedPNL=-19.24, account='DUQ426424')
2026-05-27 08:55:45,415 INFO ib_async.wrapper: updatePortfolio: PortfolioItem(contract=Future(conId=770561189, symbol='M2K', lastTradeDateOrContractMonth='20260618', right='0', multiplier='5', primaryExchange='CME', currency='USD', localSymbol='M2KM6', tradingClass='M2K'), position=0.0, marketPrice=2925.3598633, marketValue=0.0, averageCost=0.0, unrealizedPNL=0.0, realizedPNL=-19.24, account='DUQ426424')
2026-05-27 08:58:45,465 INFO ib_async.wrapper: updatePortfolio: PortfolioItem(contract=Future(conId=770561189, symbol='M2K', lastTradeDateOrContractMonth='20260618', right='0', multiplier='5', primaryExchange='CME', currency='USD', localSymbol='M2KM6', tradingClass='M2K'), position=0.0, marketPrice=2925.3400879, marketValue=0.0, averageCost=0.0, unrealizedPNL=0.0, realizedPNL=-19.24, account='DUQ426424')
2026-05-27 09:01:45,482 INFO ib_async.wrapper: updatePortfolio: PortfolioItem(contract=Future(conId=770561189, symbol='M2K', lastTradeDateOrContractMonth='20260618', right='0', multiplier='5', primaryExchange='CME', currency='USD', localSymbol='M2KM6', tradingClass='M2K'), position=0.0, marketPrice=2932.80004885, marketValue=0.0, averageCost=0.0, unrealizedPNL=0.0, realizedPNL=-19.24, account='DUQ426424')
2026-05-27 09:04:45,539 INFO ib_async.wrapper: updatePortfolio: PortfolioItem(contract=Future(conId=770561189, symbol='M2K', lastTradeDateOrContractMonth='20260618', right='0', multiplier='5', primaryExchange='CME', currency='USD', localSymbol='M2KM6', tradingClass='M2K'), position=0.0, marketPrice=2933.73999025, marketValue=0.0, averageCost=0.0, unrealizedPNL=0.0, realizedPNL=-19.24, account='DUQ426424')
2026-05-27 09:07:48,318 INFO ib_async.wrapper: updatePortfolio: PortfolioItem(contract=Future(conId=770561189, symbol='M2K', lastTradeDateOrContractMonth='20260618', right='0', multiplier='5', primaryExchange='CME', currency='USD', localSymbol='M2KM6', tradingClass='M2K'), position=0.0, marketPrice=2933.76000975, marketValue=0.0, averageCost=0.0, unrealizedPNL=0.0, realizedPNL=-19.24, account='DUQ426424')
2026-05-27 09:10:48,388 INFO ib_async.wrapper: updatePortfolio: PortfolioItem(contract=Future(conId=770561189, symbol='M2K', lastTradeDateOrContractMonth='20260618', right='0', multiplier='5', primaryExchange='CME', currency='USD', localSymbol='M2KM6', tradingClass='M2K'), position=0.0, marketPrice=2930.6599121, marketValue=0.0, averageCost=0.0, unrealizedPNL=0.0, realizedPNL=-19.24, account='DUQ426424')
2026-05-27 09:13:49,050 INFO ib_async.wrapper: updatePortfolio: PortfolioItem(contract=Future(conId=770561189, symbol='M2K', lastTradeDateOrContractMonth='20260618', right='0', multiplier='5', primaryExchange='CME', currency='USD', localSymbol='M2KM6', tradingClass='M2K'), position=0.0, marketPrice=2933.39990235, marketValue=0.0, averageCost=0.0, unrealizedPNL=0.0, realizedPNL=-19.24, account='DUQ426424')
2026-05-27 09:16:49,053 INFO ib_async.wrapper: updatePortfolio: PortfolioItem(contract=Future(conId=770561189, symbol='M2K', lastTradeDateOrContractMonth='20260618', right='0', multiplier='5', primaryExchange='CME', currency='USD', localSymbol='M2KM6', tradingClass='M2K'), position=0.0, marketPrice=2935.30004885, marketValue=0.0, averageCost=0.0, unrealizedPNL=0.0, realizedPNL=-19.24, account='DUQ426424')
2026-05-27 09:19:49,064 INFO ib_async.wrapper: updatePortfolio: PortfolioItem(contract=Future(conId=770561189, symbol='M2K', lastTradeDateOrContractMonth='20260618', right='0', multiplier='5', primaryExchange='CME', currency='USD', localSymbol='M2KM6', tradingClass='M2K'), position=0.0, marketPrice=2935.19995115, marketValue=0.0, averageCost=0.0, unrealizedPNL=0.0, realizedPNL=-19.24, account='DUQ426424')
2026-05-27 09:22:49,060 INFO ib_async.wrapper: updatePortfolio: PortfolioItem(contract=Future(conId=770561189, symbol='M2K', lastTradeDateOrContractMonth='20260618', right='0', multiplier='5', primaryExchange='CME', currency='USD', localSymbol='M2KM6', tradingClass='M2K'), position=0.0, marketPrice=2929.95996095, marketValue=0.0, averageCost=0.0, unrealizedPNL=0.0, realizedPNL=-19.24, account='DUQ426424')
2026-05-27 09:25:49,458 INFO ib_async.wrapper: updatePortfolio: PortfolioItem(contract=Future(conId=770561189, symbol='M2K', lastTradeDateOrContractMonth='20260618', right='0', multiplier='5', primaryExchange='CME', currency='USD', localSymbol='M2KM6', tradingClass='M2K'), position=0.0, marketPrice=2925.9667969, marketValue=0.0, averageCost=0.0, unrealizedPNL=0.0, realizedPNL=-19.24, account='DUQ426424')
2026-05-27 09:28:49,071 INFO ib_async.wrapper: updatePortfolio: PortfolioItem(contract=Future(conId=770561189, symbol='M2K', lastTradeDateOrContractMonth='20260618', right='0', multiplier='5', primaryExchange='CME', currency='USD', localSymbol='M2KM6', tradingClass='M2K'), position=0.0, marketPrice=2922.9399414, marketValue=0.0, averageCost=0.0, unrealizedPNL=0.0, realizedPNL=-19.24, account='DUQ426424')
2026-05-27 09:31:49,070 INFO ib_async.wrapper: updatePortfolio: PortfolioItem(contract=Future(conId=770561189, symbol='M2K', lastTradeDateOrContractMonth='20260618', right='0', multiplier='5', primaryExchange='CME', currency='USD', localSymbol='M2KM6', tradingClass='M2K'), position=0.0, marketPrice=2928.8400879, marketValue=0.0, averageCost=0.0, unrealizedPNL=0.0, realizedPNL=-19.24, account='DUQ426424')
2026-05-27 09:34:49,054 INFO ib_async.wrapper: updatePortfolio: PortfolioItem(contract=Future(conId=770561189, symbol='M2K', lastTradeDateOrContractMonth='20260618', right='0', multiplier='5', primaryExchange='CME', currency='USD', localSymbol='M2KM6', tradingClass='M2K'), position=0.0, marketPrice=2929.9399414, marketValue=0.0, averageCost=0.0, unrealizedPNL=0.0, realizedPNL=-19.24, account='DUQ426424')
2026-05-27 09:37:49,143 INFO ib_async.wrapper: updatePortfolio: PortfolioItem(contract=Future(conId=770561189, symbol='M2K', lastTradeDateOrContractMonth='20260618', right='0', multiplier='5', primaryExchange='CME', currency='USD', localSymbol='M2KM6', tradingClass='M2K'), position=0.0, marketPrice=2929.04003905, marketValue=0.0, averageCost=0.0, unrealizedPNL=0.0, realizedPNL=-19.24, account='DUQ426424')
2026-05-27 09:40:49,059 INFO ib_async.wrapper: updatePortfolio: PortfolioItem(contract=Future(conId=770561189, symbol='M2K', lastTradeDateOrContractMonth='20260618', right='0', multiplier='5', primaryExchange='CME', currency='USD', localSymbol='M2KM6', tradingClass='M2K'), position=0.0, marketPrice=2929.89990235, marketValue=0.0, averageCost=0.0, unrealizedPNL=0.0, realizedPNL=-19.24, account='DUQ426424')
2026-05-27 09:43:49,181 INFO ib_async.wrapper: updatePortfolio: PortfolioItem(contract=Future(conId=770561189, symbol='M2K', lastTradeDateOrContractMonth='20260618', right='0', multiplier='5', primaryExchange='CME', currency='USD', localSymbol='M2KM6', tradingClass='M2K'), position=0.0, marketPrice=2929.6599121, marketValue=0.0, averageCost=0.0, unrealizedPNL=0.0, realizedPNL=-19.24, account='DUQ426424')
2026-05-27 09:46:49,101 INFO ib_async.wrapper: updatePortfolio: PortfolioItem(contract=Future(conId=770561189, symbol='M2K', lastTradeDateOrContractMonth='20260618', right='0', multiplier='5', primaryExchange='CME', currency='USD', localSymbol='M2KM6', tradingClass='M2K'), position=0.0, marketPrice=2926.4399414, marketValue=0.0, averageCost=0.0, unrealizedPNL=0.0, realizedPNL=-19.24, account='DUQ426424')
2026-05-27 09:49:49,106 INFO ib_async.wrapper: updatePortfolio: PortfolioItem(contract=Future(conId=770561189, symbol='M2K', lastTradeDateOrContractMonth='20260618', right='0', multiplier='5', primaryExchange='CME', currency='USD', localSymbol='M2KM6', tradingClass='M2K'), position=0.0, marketPrice=2923.45581055, marketValue=0.0, averageCost=0.0, unrealizedPNL=0.0, realizedPNL=-19.24, account='DUQ426424')
2026-05-27 09:52:49,149 INFO ib_async.wrapper: updatePortfolio: PortfolioItem(contract=Future(conId=770561189, symbol='M2K', lastTradeDateOrContractMonth='20260618', right='0', multiplier='5', primaryExchange='CME', currency='USD', localSymbol='M2KM6', tradingClass='M2K'), position=0.0, marketPrice=2925.3598633, marketValue=0.0, averageCost=0.0, unrealizedPNL=0.0, realizedPNL=-19.24, account='DUQ426424')
2026-05-27 09:55:49,471 INFO ib_async.wrapper: updatePortfolio: PortfolioItem(contract=Future(conId=770561189, symbol='M2K', lastTradeDateOrContractMonth='20260618', right='0', multiplier='5', primaryExchange='CME', currency='USD', localSymbol='M2KM6', tradingClass='M2K'), position=0.0, marketPrice=2925.54003905, marketValue=0.0, averageCost=0.0, unrealizedPNL=0.0, realizedPNL=-19.24, account='DUQ426424')
2026-05-27 09:58:49,580 INFO ib_async.wrapper: updatePortfolio: PortfolioItem(contract=Future(conId=770561189, symbol='M2K', lastTradeDateOrContractMonth='20260618', right='0', multiplier='5', primaryExchange='CME', currency='USD', localSymbol='M2KM6', tradingClass='M2K'), position=0.0, marketPrice=2922.1401367, marketValue=0.0, averageCost=0.0, unrealizedPNL=0.0, realizedPNL=-19.24, account='DUQ426424')
2026-05-27 10:01:49,618 INFO ib_async.wrapper: updatePortfolio: PortfolioItem(contract=Future(conId=770561189, symbol='M2K', lastTradeDateOrContractMonth='20260618', right='0', multiplier='5', primaryExchange='CME', currency='USD', localSymbol='M2KM6', tradingClass='M2K'), position=0.0, marketPrice=2922.54003905, marketValue=0.0, averageCost=0.0, unrealizedPNL=0.0, realizedPNL=-19.24, account='DUQ426424')
2026-05-27 10:05:34,448 ERROR ib_async.wrapper: Error 1100, reqId -1: Connectivity between IBKR and Trader Workstation has been lost.
2026-05-27 10:05:35,017 INFO ib_async.wrapper: Warning 2103, reqId -1: Market data farm connection is broken:usfarm
2026-05-27 10:05:35,017 INFO ib_async.wrapper: Warning 2157, reqId -1: Sec-def data farm connection is broken:secdefil
2026-05-27 10:05:35,018 INFO ib_async.wrapper: Warning 2105, reqId -1: HMDS data farm connection is broken:ushmds
2026-05-27 10:05:35,167 INFO ib_async.wrapper: updatePortfolio: PortfolioItem(contract=Future(conId=770561189, symbol='M2K', lastTradeDateOrContractMonth='20260618', right='0', multiplier='5', primaryExchange='CME', currency='USD', localSymbol='M2KM6', tradingClass='M2K'), position=0.0, marketPrice=2922.0600586, marketValue=0.0, averageCost=0.0, unrealizedPNL=0.0, realizedPNL=-19.24, account='DUQ426424')
2026-05-27 10:05:36,305 INFO ib_async.wrapper: Warning 2106, reqId -1: HMDS data farm connection is OK:ushmds
2026-05-27 10:05:36,322 INFO ib_async.wrapper: Warning 2158, reqId -1: Sec-def data farm connection is OK:secdefil
2026-05-27 10:05:36,957 INFO ib_async.wrapper: Warning 2104, reqId -1: Market data farm connection is OK:usfarm
2026-05-27 10:05:37,214 ERROR ib_async.wrapper: Error 1102, reqId -1: Connectivity between IBKR and Trader Workstation has been restored - data maintained. All data farms are connected: usfarm; ushmds; secdefil.
2026-05-27 10:07:49,621 INFO ib_async.wrapper: updatePortfolio: PortfolioItem(contract=Future(conId=770561189, symbol='M2K', lastTradeDateOrContractMonth='20260618', right='0', multiplier='5', primaryExchange='CME', currency='USD', localSymbol='M2KM6', tradingClass='M2K'), position=0.0, marketPrice=2923.30004885, marketValue=0.0, averageCost=0.0, unrealizedPNL=0.0, realizedPNL=-19.24, account='DUQ426424')
2026-05-27 10:10:49,625 INFO ib_async.wrapper: updatePortfolio: PortfolioItem(contract=Future(conId=770561189, symbol='M2K', lastTradeDateOrContractMonth='20260618', right='0', multiplier='5', primaryExchange='CME', currency='USD', localSymbol='M2KM6', tradingClass='M2K'), position=0.0, marketPrice=2926.6401367, marketValue=0.0, averageCost=0.0, unrealizedPNL=0.0, realizedPNL=-19.24, account='DUQ426424')
2026-05-27 10:13:49,698 INFO ib_async.wrapper: updatePortfolio: PortfolioItem(contract=Future(conId=770561189, symbol='M2K', lastTradeDateOrContractMonth='20260618', right='0', multiplier='5', primaryExchange='CME', currency='USD', localSymbol='M2KM6', tradingClass='M2K'), position=0.0, marketPrice=2929.6401367, marketValue=0.0, averageCost=0.0, unrealizedPNL=0.0, realizedPNL=-19.24, account='DUQ426424')
2026-05-27 10:16:49,696 INFO ib_async.wrapper: updatePortfolio: PortfolioItem(contract=Future(conId=770561189, symbol='M2K', lastTradeDateOrContractMonth='20260618', right='0', multiplier='5', primaryExchange='CME', currency='USD', localSymbol='M2KM6', tradingClass='M2K'), position=0.0, marketPrice=2926.0600586, marketValue=0.0, averageCost=0.0, unrealizedPNL=0.0, realizedPNL=-19.24, account='DUQ426424')
2026-05-27 10:19:49,716 INFO ib_async.wrapper: updatePortfolio: PortfolioItem(contract=Future(conId=770561189, symbol='M2K', lastTradeDateOrContractMonth='20260618', right='0', multiplier='5', primaryExchange='CME', currency='USD', localSymbol='M2KM6', tradingClass='M2K'), position=0.0, marketPrice=2926.9589844, marketValue=0.0, averageCost=0.0, unrealizedPNL=0.0, realizedPNL=-19.24, account='DUQ426424')
2026-05-27 10:22:49,715 INFO ib_async.wrapper: updatePortfolio: PortfolioItem(contract=Future(conId=770561189, symbol='M2K', lastTradeDateOrContractMonth='20260618', right='0', multiplier='5', primaryExchange='CME', currency='USD', localSymbol='M2KM6', tradingClass='M2K'), position=0.0, marketPrice=2923.80004885, marketValue=0.0, averageCost=0.0, unrealizedPNL=0.0, realizedPNL=-19.24, account='DUQ426424')
2026-05-27 10:25:49,740 INFO ib_async.wrapper: updatePortfolio: PortfolioItem(contract=Future(conId=770561189, symbol='M2K', lastTradeDateOrContractMonth='20260618', right='0', multiplier='5', primaryExchange='CME', currency='USD', localSymbol='M2KM6', tradingClass='M2K'), position=0.0, marketPrice=2925.54003905, marketValue=0.0, averageCost=0.0, unrealizedPNL=0.0, realizedPNL=-19.24, account='DUQ426424')
2026-05-27 10:28:49,967 INFO ib_async.wrapper: updatePortfolio: PortfolioItem(contract=Future(conId=770561189, symbol='M2K', lastTradeDateOrContractMonth='20260618', right='0', multiplier='5', primaryExchange='CME', currency='USD', localSymbol='M2KM6', tradingClass='M2K'), position=0.0, marketPrice=2926.1599121, marketValue=0.0, averageCost=0.0, unrealizedPNL=0.0, realizedPNL=-19.24, account='DUQ426424')
2026-05-27 10:31:49,955 INFO ib_async.wrapper: updatePortfolio: PortfolioItem(contract=Future(conId=770561189, symbol='M2K', lastTradeDateOrContractMonth='20260618', right='0', multiplier='5', primaryExchange='CME', currency='USD', localSymbol='M2KM6', tradingClass='M2K'), position=0.0, marketPrice=2930.8400879, marketValue=0.0, averageCost=0.0, unrealizedPNL=0.0, realizedPNL=-19.24, account='DUQ426424')
2026-05-27 10:34:49,977 INFO ib_async.wrapper: updatePortfolio: PortfolioItem(contract=Future(conId=770561189, symbol='M2K', lastTradeDateOrContractMonth='20260618', right='0', multiplier='5', primaryExchange='CME', currency='USD', localSymbol='M2KM6', tradingClass='M2K'), position=0.0, marketPrice=2930.04003905, marketValue=0.0, averageCost=0.0, unrealizedPNL=0.0, realizedPNL=-19.24, account='DUQ426424')
2026-05-27 10:37:49,980 INFO ib_async.wrapper: updatePortfolio: PortfolioItem(contract=Future(conId=770561189, symbol='M2K', lastTradeDateOrContractMonth='20260618', right='0', multiplier='5', primaryExchange='CME', currency='USD', localSymbol='M2KM6', tradingClass='M2K'), position=0.0, marketPrice=2925.19995115, marketValue=0.0, averageCost=0.0, unrealizedPNL=0.0, realizedPNL=-19.24, account='DUQ426424')
2026-05-27 10:40:49,995 INFO ib_async.wrapper: updatePortfolio: PortfolioItem(contract=Future(conId=770561189, symbol='M2K', lastTradeDateOrContractMonth='20260618', right='0', multiplier='5', primaryExchange='CME', currency='USD', localSymbol='M2KM6', tradingClass='M2K'), position=0.0, marketPrice=2923.8400879, marketValue=0.0, averageCost=0.0, unrealizedPNL=0.0, realizedPNL=-19.24, account='DUQ426424')
2026-05-27 10:43:50,038 INFO ib_async.wrapper: updatePortfolio: PortfolioItem(contract=Future(conId=770561189, symbol='M2K', lastTradeDateOrContractMonth='20260618', right='0', multiplier='5', primaryExchange='CME', currency='USD', localSymbol='M2KM6', tradingClass='M2K'), position=0.0, marketPrice=2923.4399414, marketValue=0.0, averageCost=0.0, unrealizedPNL=0.0, realizedPNL=-19.24, account='DUQ426424')
2026-05-27 10:54:04,018 ERROR ib_async.wrapper: Error 1100, reqId -1: Connectivity between IBKR and Trader Workstation has been lost.
2026-05-27 10:54:04,528 INFO ib_async.wrapper: Warning 2103, reqId -1: Market data farm connection is broken:usfarm
2026-05-27 10:54:04,529 INFO ib_async.wrapper: Warning 2157, reqId -1: Sec-def data farm connection is broken:secdefil
2026-05-27 10:54:04,529 INFO ib_async.wrapper: Warning 2105, reqId -1: HMDS data farm connection is broken:ushmds
2026-05-27 10:54:04,656 INFO ib_async.wrapper: updatePortfolio: PortfolioItem(contract=Future(conId=770561189, symbol='M2K', lastTradeDateOrContractMonth='20260618', right='0', multiplier='5', primaryExchange='CME', currency='USD', localSymbol='M2KM6', tradingClass='M2K'), position=0.0, marketPrice=2918.3598633, marketValue=0.0, averageCost=0.0, unrealizedPNL=0.0, realizedPNL=-19.24, account='DUQ426424')
2026-05-27 10:54:06,012 INFO ib_async.wrapper: Warning 2158, reqId -1: Sec-def data farm connection is OK:secdefil
2026-05-27 10:54:06,043 INFO ib_async.wrapper: Warning 2106, reqId -1: HMDS data farm connection is OK:ushmds
2026-05-27 10:54:07,488 INFO ib_async.wrapper: Warning 2104, reqId -1: Market data farm connection is OK:usfarm
2026-05-27 10:54:07,794 ERROR ib_async.wrapper: Error 1102, reqId -1: Connectivity between IBKR and Trader Workstation has been restored - data maintained. All data farms are connected: usfarm; ushmds; secdefil.
2026-05-27 10:57:49,589 ERROR ib_async.wrapper: Error 1100, reqId -1: Connectivity between IBKR and Trader Workstation has been lost.
2026-05-27 10:57:50,094 INFO ib_async.wrapper: Warning 2103, reqId -1: Market data farm connection is broken:usfarm
2026-05-27 10:57:50,095 INFO ib_async.wrapper: Warning 2157, reqId -1: Sec-def data farm connection is broken:secdefil
2026-05-27 10:57:50,095 INFO ib_async.wrapper: Warning 2105, reqId -1: HMDS data farm connection is broken:ushmds
2026-05-27 10:57:50,266 INFO ib_async.wrapper: updatePortfolio: PortfolioItem(contract=Future(conId=770561189, symbol='M2K', lastTradeDateOrContractMonth='20260618', right='0', multiplier='5', primaryExchange='CME', currency='USD', localSymbol='M2KM6', tradingClass='M2K'), position=0.0, marketPrice=2917.9399414, marketValue=0.0, averageCost=0.0, unrealizedPNL=0.0, realizedPNL=-19.24, account='DUQ426424')
2026-05-27 10:57:51,351 INFO ib_async.wrapper: Warning 2106, reqId -1: HMDS data farm connection is OK:ushmds
2026-05-27 10:57:51,351 INFO ib_async.wrapper: Warning 2158, reqId -1: Sec-def data farm connection is OK:secdefil
2026-05-27 10:57:52,283 INFO ib_async.wrapper: Warning 2104, reqId -1: Market data farm connection is OK:usfarm
2026-05-27 10:57:53,251 ERROR ib_async.wrapper: Error 1102, reqId -1: Connectivity between IBKR and Trader Workstation has been restored - data maintained. All data farms are connected: usfarm; ushmds; secdefil.
2026-05-27 10:57:53,255 ERROR ib_async.wrapper: Error 322, reqId 48: Error processing request.-'bX' : cause - Maximum number of account summary requests exceeded; desubscribe to previous request first
2026-05-27 10:58:50,172 INFO ib_async.wrapper: updatePortfolio: PortfolioItem(contract=Future(conId=770561189, symbol='M2K', lastTradeDateOrContractMonth='20260618', right='0', multiplier='5', primaryExchange='CME', currency='USD', localSymbol='M2KM6', tradingClass='M2K'), position=0.0, marketPrice=2918.9399414, marketValue=0.0, averageCost=0.0, unrealizedPNL=0.0, realizedPNL=-19.24, account='DUQ426424')
2026-05-27 11:01:50,243 INFO ib_async.wrapper: updatePortfolio: PortfolioItem(contract=Future(conId=770561189, symbol='M2K', lastTradeDateOrContractMonth='20260618', right='0', multiplier='5', primaryExchange='CME', currency='USD', localSymbol='M2KM6', tradingClass='M2K'), position=0.0, marketPrice=2919.6254883, marketValue=0.0, averageCost=0.0, unrealizedPNL=0.0, realizedPNL=-19.24, account='DUQ426424')
2026-05-27 11:04:50,171 INFO ib_async.wrapper: updatePortfolio: PortfolioItem(contract=Future(conId=770561189, symbol='M2K', lastTradeDateOrContractMonth='20260618', right='0', multiplier='5', primaryExchange='CME', currency='USD', localSymbol='M2KM6', tradingClass='M2K'), position=0.0, marketPrice=2917.95996095, marketValue=0.0, averageCost=0.0, unrealizedPNL=0.0, realizedPNL=-19.24, account='DUQ426424')
2026-05-27 11:07:50,185 INFO ib_async.wrapper: updatePortfolio: PortfolioItem(contract=Future(conId=770561189, symbol='M2K', lastTradeDateOrContractMonth='20260618', right='0', multiplier='5', primaryExchange='CME', currency='USD', localSymbol='M2KM6', tradingClass='M2K'), position=0.0, marketPrice=2917.23999025, marketValue=0.0, averageCost=0.0, unrealizedPNL=0.0, realizedPNL=-19.24, account='DUQ426424')
2026-05-27 11:10:50,207 INFO ib_async.wrapper: updatePortfolio: PortfolioItem(contract=Future(conId=770561189, symbol='M2K', lastTradeDateOrContractMonth='20260618', right='0', multiplier='5', primaryExchange='CME', currency='USD', localSymbol='M2KM6', tradingClass='M2K'), position=0.0, marketPrice=2921.30004885, marketValue=0.0, averageCost=0.0, unrealizedPNL=0.0, realizedPNL=-19.24, account='DUQ426424')
2026-05-27 11:13:50,309 INFO ib_async.wrapper: updatePortfolio: PortfolioItem(contract=Future(conId=770561189, symbol='M2K', lastTradeDateOrContractMonth='20260618', right='0', multiplier='5', primaryExchange='CME', currency='USD', localSymbol='M2KM6', tradingClass='M2K'), position=0.0, marketPrice=2923.8400879, marketValue=0.0, averageCost=0.0, unrealizedPNL=0.0, realizedPNL=-19.24, account='DUQ426424')
2026-05-27 11:16:50,296 INFO ib_async.wrapper: updatePortfolio: PortfolioItem(contract=Future(conId=770561189, symbol='M2K', lastTradeDateOrContractMonth='20260618', right='0', multiplier='5', primaryExchange='CME', currency='USD', localSymbol='M2KM6', tradingClass='M2K'), position=0.0, marketPrice=2923.5, marketValue=0.0, averageCost=0.0, unrealizedPNL=0.0, realizedPNL=-19.24, account='DUQ426424')
2026-05-27 11:19:50,723 INFO ib_async.wrapper: updatePortfolio: PortfolioItem(contract=Future(conId=770561189, symbol='M2K', lastTradeDateOrContractMonth='20260618', right='0', multiplier='5', primaryExchange='CME', currency='USD', localSymbol='M2KM6', tradingClass='M2K'), position=0.0, marketPrice=2924.04003905, marketValue=0.0, averageCost=0.0, unrealizedPNL=0.0, realizedPNL=-19.24, account='DUQ426424')
2026-05-27 11:22:50,717 INFO ib_async.wrapper: updatePortfolio: PortfolioItem(contract=Future(conId=770561189, symbol='M2K', lastTradeDateOrContractMonth='20260618', right='0', multiplier='5', primaryExchange='CME', currency='USD', localSymbol='M2KM6', tradingClass='M2K'), position=0.0, marketPrice=2928.3598633, marketValue=0.0, averageCost=0.0, unrealizedPNL=0.0, realizedPNL=-19.24, account='DUQ426424')
2026-05-27 11:25:50,711 INFO ib_async.wrapper: updatePortfolio: PortfolioItem(contract=Future(conId=770561189, symbol='M2K', lastTradeDateOrContractMonth='20260618', right='0', multiplier='5', primaryExchange='CME', currency='USD', localSymbol='M2KM6', tradingClass='M2K'), position=0.0, marketPrice=2928.80004885, marketValue=0.0, averageCost=0.0, unrealizedPNL=0.0, realizedPNL=-19.24, account='DUQ426424')
2026-05-27 11:28:50,910 INFO ib_async.wrapper: updatePortfolio: PortfolioItem(contract=Future(conId=770561189, symbol='M2K', lastTradeDateOrContractMonth='20260618', right='0', multiplier='5', primaryExchange='CME', currency='USD', localSymbol='M2KM6', tradingClass='M2K'), position=0.0, marketPrice=2927.60009765, marketValue=0.0, averageCost=0.0, unrealizedPNL=0.0, realizedPNL=-19.24, account='DUQ426424')
2026-05-27 11:31:50,923 INFO ib_async.wrapper: updatePortfolio: PortfolioItem(contract=Future(conId=770561189, symbol='M2K', lastTradeDateOrContractMonth='20260618', right='0', multiplier='5', primaryExchange='CME', currency='USD', localSymbol='M2KM6', tradingClass='M2K'), position=0.0, marketPrice=2927.60009765, marketValue=0.0, averageCost=0.0, unrealizedPNL=0.0, realizedPNL=-19.24, account='DUQ426424')
2026-05-27 11:34:51,507 INFO ib_async.wrapper: updatePortfolio: PortfolioItem(contract=Future(conId=770561189, symbol='M2K', lastTradeDateOrContractMonth='20260618', right='0', multiplier='5', primaryExchange='CME', currency='USD', localSymbol='M2KM6', tradingClass='M2K'), position=0.0, marketPrice=2927.5600586, marketValue=0.0, averageCost=0.0, unrealizedPNL=0.0, realizedPNL=-19.24, account='DUQ426424')
2026-05-27 11:37:50,885 INFO ib_async.wrapper: updatePortfolio: PortfolioItem(contract=Future(conId=770561189, symbol='M2K', lastTradeDateOrContractMonth='20260618', right='0', multiplier='5', primaryExchange='CME', currency='USD', localSymbol='M2KM6', tradingClass='M2K'), position=0.0, marketPrice=2928.8400879, marketValue=0.0, averageCost=0.0, unrealizedPNL=0.0, realizedPNL=-19.24, account='DUQ426424')
2026-05-27 11:40:50,862 INFO ib_async.wrapper: updatePortfolio: PortfolioItem(contract=Future(conId=770561189, symbol='M2K', lastTradeDateOrContractMonth='20260618', right='0', multiplier='5', primaryExchange='CME', currency='USD', localSymbol='M2KM6', tradingClass='M2K'), position=0.0, marketPrice=2930.23999025, marketValue=0.0, averageCost=0.0, unrealizedPNL=0.0, realizedPNL=-19.24, account='DUQ426424')
2026-05-27 11:43:51,013 INFO ib_async.wrapper: updatePortfolio: PortfolioItem(contract=Future(conId=770561189, symbol='M2K', lastTradeDateOrContractMonth='20260618', right='0', multiplier='5', primaryExchange='CME', currency='USD', localSymbol='M2KM6', tradingClass='M2K'), position=0.0, marketPrice=2931.10009765, marketValue=0.0, averageCost=0.0, unrealizedPNL=0.0, realizedPNL=-19.24, account='DUQ426424')
2026-05-27 11:46:51,009 INFO ib_async.wrapper: updatePortfolio: PortfolioItem(contract=Future(conId=770561189, symbol='M2K', lastTradeDateOrContractMonth='20260618', right='0', multiplier='5', primaryExchange='CME', currency='USD', localSymbol='M2KM6', tradingClass='M2K'), position=0.0, marketPrice=2932.45996095, marketValue=0.0, averageCost=0.0, unrealizedPNL=0.0, realizedPNL=-19.24, account='DUQ426424')
2026-05-27 11:49:51,009 INFO ib_async.wrapper: updatePortfolio: PortfolioItem(contract=Future(conId=770561189, symbol='M2K', lastTradeDateOrContractMonth='20260618', right='0', multiplier='5', primaryExchange='CME', currency='USD', localSymbol='M2KM6', tradingClass='M2K'), position=0.0, marketPrice=2931.89990235, marketValue=0.0, averageCost=0.0, unrealizedPNL=0.0, realizedPNL=-19.24, account='DUQ426424')
2026-05-27 11:52:50,974 INFO ib_async.wrapper: updatePortfolio: PortfolioItem(contract=Future(conId=770561189, symbol='M2K', lastTradeDateOrContractMonth='20260618', right='0', multiplier='5', primaryExchange='CME', currency='USD', localSymbol='M2KM6', tradingClass='M2K'), position=0.0, marketPrice=2930.6599121, marketValue=0.0, averageCost=0.0, unrealizedPNL=0.0, realizedPNL=-19.24, account='DUQ426424')
2026-05-27 11:55:51,053 INFO ib_async.wrapper: updatePortfolio: PortfolioItem(contract=Future(conId=770561189, symbol='M2K', lastTradeDateOrContractMonth='20260618', right='0', multiplier='5', primaryExchange='CME', currency='USD', localSymbol='M2KM6', tradingClass='M2K'), position=0.0, marketPrice=2929.8400879, marketValue=0.0, averageCost=0.0, unrealizedPNL=0.0, realizedPNL=-19.24, account='DUQ426424')
2026-05-27 11:58:51,081 INFO ib_async.wrapper: updatePortfolio: PortfolioItem(contract=Future(conId=770561189, symbol='M2K', lastTradeDateOrContractMonth='20260618', right='0', multiplier='5', primaryExchange='CME', currency='USD', localSymbol='M2KM6', tradingClass='M2K'), position=0.0, marketPrice=2930.23999025, marketValue=0.0, averageCost=0.0, unrealizedPNL=0.0, realizedPNL=-19.24, account='DUQ426424')
2026-05-27 12:01:51,197 INFO ib_async.wrapper: updatePortfolio: PortfolioItem(contract=Future(conId=770561189, symbol='M2K', lastTradeDateOrContractMonth='20260618', right='0', multiplier='5', primaryExchange='CME', currency='USD', localSymbol='M2KM6', tradingClass='M2K'), position=0.0, marketPrice=2929.95996095, marketValue=0.0, averageCost=0.0, unrealizedPNL=0.0, realizedPNL=-19.24, account='DUQ426424')
2026-05-27 12:04:51,078 INFO ib_async.wrapper: updatePortfolio: PortfolioItem(contract=Future(conId=770561189, symbol='M2K', lastTradeDateOrContractMonth='20260618', right='0', multiplier='5', primaryExchange='CME', currency='USD', localSymbol='M2KM6', tradingClass='M2K'), position=0.0, marketPrice=2927.0600586, marketValue=0.0, averageCost=0.0, unrealizedPNL=0.0, realizedPNL=-19.24, account='DUQ426424')
2026-05-27 12:07:51,085 INFO ib_async.wrapper: updatePortfolio: PortfolioItem(contract=Future(conId=770561189, symbol='M2K', lastTradeDateOrContractMonth='20260618', right='0', multiplier='5', primaryExchange='CME', currency='USD', localSymbol='M2KM6', tradingClass='M2K'), position=0.0, marketPrice=2922.8400879, marketValue=0.0, averageCost=0.0, unrealizedPNL=0.0, realizedPNL=-19.24, account='DUQ426424')
2026-05-27 12:10:51,047 INFO ib_async.wrapper: updatePortfolio: PortfolioItem(contract=Future(conId=770561189, symbol='M2K', lastTradeDateOrContractMonth='20260618', right='0', multiplier='5', primaryExchange='CME', currency='USD', localSymbol='M2KM6', tradingClass='M2K'), position=0.0, marketPrice=2921.9399414, marketValue=0.0, averageCost=0.0, unrealizedPNL=0.0, realizedPNL=-19.24, account='DUQ426424')
2026-05-27 12:13:51,209 INFO ib_async.wrapper: updatePortfolio: PortfolioItem(contract=Future(conId=770561189, symbol='M2K', lastTradeDateOrContractMonth='20260618', right='0', multiplier='5', primaryExchange='CME', currency='USD', localSymbol='M2KM6', tradingClass='M2K'), position=0.0, marketPrice=2920.5397949, marketValue=0.0, averageCost=0.0, unrealizedPNL=0.0, realizedPNL=-19.24, account='DUQ426424')
2026-05-27 12:16:51,208 INFO ib_async.wrapper: updatePortfolio: PortfolioItem(contract=Future(conId=770561189, symbol='M2K', lastTradeDateOrContractMonth='20260618', right='0', multiplier='5', primaryExchange='CME', currency='USD', localSymbol='M2KM6', tradingClass='M2K'), position=0.0, marketPrice=2924.69995115, marketValue=0.0, averageCost=0.0, unrealizedPNL=0.0, realizedPNL=-19.24, account='DUQ426424')
2026-05-27 12:19:51,240 INFO ib_async.wrapper: updatePortfolio: PortfolioItem(contract=Future(conId=770561189, symbol='M2K', lastTradeDateOrContractMonth='20260618', right='0', multiplier='5', primaryExchange='CME', currency='USD', localSymbol='M2KM6', tradingClass='M2K'), position=0.0, marketPrice=2926.23999025, marketValue=0.0, averageCost=0.0, unrealizedPNL=0.0, realizedPNL=-19.24, account='DUQ426424')
2026-05-27 12:22:51,161 INFO ib_async.wrapper: updatePortfolio: PortfolioItem(contract=Future(conId=770561189, symbol='M2K', lastTradeDateOrContractMonth='20260618', right='0', multiplier='5', primaryExchange='CME', currency='USD', localSymbol='M2KM6', tradingClass='M2K'), position=0.0, marketPrice=2927.3598633, marketValue=0.0, averageCost=0.0, unrealizedPNL=0.0, realizedPNL=-19.24, account='DUQ426424')
2026-05-27 12:25:51,203 INFO ib_async.wrapper: updatePortfolio: PortfolioItem(contract=Future(conId=770561189, symbol='M2K', lastTradeDateOrContractMonth='20260618', right='0', multiplier='5', primaryExchange='CME', currency='USD', localSymbol='M2KM6', tradingClass='M2K'), position=0.0, marketPrice=2927.1599121, marketValue=0.0, averageCost=0.0, unrealizedPNL=0.0, realizedPNL=-19.24, account='DUQ426424')
2026-05-27 12:28:51,311 INFO ib_async.wrapper: updatePortfolio: PortfolioItem(contract=Future(conId=770561189, symbol='M2K', lastTradeDateOrContractMonth='20260618', right='0', multiplier='5', primaryExchange='CME', currency='USD', localSymbol='M2KM6', tradingClass='M2K'), position=0.0, marketPrice=2926.6599121, marketValue=0.0, averageCost=0.0, unrealizedPNL=0.0, realizedPNL=-19.24, account='DUQ426424')
2026-05-27 12:31:51,339 INFO ib_async.wrapper: updatePortfolio: PortfolioItem(contract=Future(conId=770561189, symbol='M2K', lastTradeDateOrContractMonth='20260618', right='0', multiplier='5', primaryExchange='CME', currency='USD', localSymbol='M2KM6', tradingClass='M2K'), position=0.0, marketPrice=2926.5, marketValue=0.0, averageCost=0.0, unrealizedPNL=0.0, realizedPNL=-19.24, account='DUQ426424')
2026-05-27 12:34:51,303 INFO ib_async.wrapper: updatePortfolio: PortfolioItem(contract=Future(conId=770561189, symbol='M2K', lastTradeDateOrContractMonth='20260618', right='0', multiplier='5', primaryExchange='CME', currency='USD', localSymbol='M2KM6', tradingClass='M2K'), position=0.0, marketPrice=2927.0, marketValue=0.0, averageCost=0.0, unrealizedPNL=0.0, realizedPNL=-19.24, account='DUQ426424')
2026-05-27 12:37:51,310 INFO ib_async.wrapper: updatePortfolio: PortfolioItem(contract=Future(conId=770561189, symbol='M2K', lastTradeDateOrContractMonth='20260618', right='0', multiplier='5', primaryExchange='CME', currency='USD', localSymbol='M2KM6', tradingClass='M2K'), position=0.0, marketPrice=2926.30004885, marketValue=0.0, averageCost=0.0, unrealizedPNL=0.0, realizedPNL=-19.24, account='DUQ426424')
2026-05-27 12:40:51,379 INFO ib_async.wrapper: updatePortfolio: PortfolioItem(contract=Future(conId=770561189, symbol='M2K', lastTradeDateOrContractMonth='20260618', right='0', multiplier='5', primaryExchange='CME', currency='USD', localSymbol='M2KM6', tradingClass='M2K'), position=0.0, marketPrice=2924.23999025, marketValue=0.0, averageCost=0.0, unrealizedPNL=0.0, realizedPNL=-19.24, account='DUQ426424')
2026-05-27 12:43:51,404 INFO ib_async.wrapper: updatePortfolio: PortfolioItem(contract=Future(conId=770561189, symbol='M2K', lastTradeDateOrContractMonth='20260618', right='0', multiplier='5', primaryExchange='CME', currency='USD', localSymbol='M2KM6', tradingClass='M2K'), position=0.0, marketPrice=2924.69995115, marketValue=0.0, averageCost=0.0, unrealizedPNL=0.0, realizedPNL=-19.24, account='DUQ426424')
2026-05-27 12:46:51,418 INFO ib_async.wrapper: updatePortfolio: PortfolioItem(contract=Future(conId=770561189, symbol='M2K', lastTradeDateOrContractMonth='20260618', right='0', multiplier='5', primaryExchange='CME', currency='USD', localSymbol='M2KM6', tradingClass='M2K'), position=0.0, marketPrice=2922.1599121, marketValue=0.0, averageCost=0.0, unrealizedPNL=0.0, realizedPNL=-19.24, account='DUQ426424')
2026-05-27 12:49:51,411 INFO ib_async.wrapper: updatePortfolio: PortfolioItem(contract=Future(conId=770561189, symbol='M2K', lastTradeDateOrContractMonth='20260618', right='0', multiplier='5', primaryExchange='CME', currency='USD', localSymbol='M2KM6', tradingClass='M2K'), position=0.0, marketPrice=2923.30004885, marketValue=0.0, averageCost=0.0, unrealizedPNL=0.0, realizedPNL=-19.24, account='DUQ426424')
2026-05-27 12:52:51,415 INFO ib_async.wrapper: updatePortfolio: PortfolioItem(contract=Future(conId=770561189, symbol='M2K', lastTradeDateOrContractMonth='20260618', right='0', multiplier='5', primaryExchange='CME', currency='USD', localSymbol='M2KM6', tradingClass='M2K'), position=0.0, marketPrice=2925.1599121, marketValue=0.0, averageCost=0.0, unrealizedPNL=0.0, realizedPNL=-19.24, account='DUQ426424')
2026-05-27 12:55:51,440 INFO ib_async.wrapper: updatePortfolio: PortfolioItem(contract=Future(conId=770561189, symbol='M2K', lastTradeDateOrContractMonth='20260618', right='0', multiplier='5', primaryExchange='CME', currency='USD', localSymbol='M2KM6', tradingClass='M2K'), position=0.0, marketPrice=2925.10009765, marketValue=0.0, averageCost=0.0, unrealizedPNL=0.0, realizedPNL=-19.24, account='DUQ426424')
2026-05-27 12:58:51,600 INFO ib_async.wrapper: updatePortfolio: PortfolioItem(contract=Future(conId=770561189, symbol='M2K', lastTradeDateOrContractMonth='20260618', right='0', multiplier='5', primaryExchange='CME', currency='USD', localSymbol='M2KM6', tradingClass='M2K'), position=0.0, marketPrice=2923.6599121, marketValue=0.0, averageCost=0.0, unrealizedPNL=0.0, realizedPNL=-19.24, account='DUQ426424')
2026-05-27 13:01:51,695 INFO ib_async.wrapper: updatePortfolio: PortfolioItem(contract=Future(conId=770561189, symbol='M2K', lastTradeDateOrContractMonth='20260618', right='0', multiplier='5', primaryExchange='CME', currency='USD', localSymbol='M2KM6', tradingClass='M2K'), position=0.0, marketPrice=2923.26000975, marketValue=0.0, averageCost=0.0, unrealizedPNL=0.0, realizedPNL=-19.24, account='DUQ426424')
2026-05-27 13:04:51,585 INFO ib_async.wrapper: updatePortfolio: PortfolioItem(contract=Future(conId=770561189, symbol='M2K', lastTradeDateOrContractMonth='20260618', right='0', multiplier='5', primaryExchange='CME', currency='USD', localSymbol='M2KM6', tradingClass='M2K'), position=0.0, marketPrice=2922.54003905, marketValue=0.0, averageCost=0.0, unrealizedPNL=0.0, realizedPNL=-19.24, account='DUQ426424')
2026-05-27 13:07:51,642 INFO ib_async.wrapper: updatePortfolio: PortfolioItem(contract=Future(conId=770561189, symbol='M2K', lastTradeDateOrContractMonth='20260618', right='0', multiplier='5', primaryExchange='CME', currency='USD', localSymbol='M2KM6', tradingClass='M2K'), position=0.0, marketPrice=2924.4399414, marketValue=0.0, averageCost=0.0, unrealizedPNL=0.0, realizedPNL=-19.24, account='DUQ426424')
2026-05-27 13:10:51,598 INFO ib_async.wrapper: updatePortfolio: PortfolioItem(contract=Future(conId=770561189, symbol='M2K', lastTradeDateOrContractMonth='20260618', right='0', multiplier='5', primaryExchange='CME', currency='USD', localSymbol='M2KM6', tradingClass='M2K'), position=0.0, marketPrice=2924.3400879, marketValue=0.0, averageCost=0.0, unrealizedPNL=0.0, realizedPNL=-19.24, account='DUQ426424')
2026-05-27 13:13:51,681 INFO ib_async.wrapper: updatePortfolio: PortfolioItem(contract=Future(conId=770561189, symbol='M2K', lastTradeDateOrContractMonth='20260618', right='0', multiplier='5', primaryExchange='CME', currency='USD', localSymbol='M2KM6', tradingClass='M2K'), position=0.0, marketPrice=2925.04003905, marketValue=0.0, averageCost=0.0, unrealizedPNL=0.0, realizedPNL=-19.24, account='DUQ426424')
2026-05-27 13:16:51,702 INFO ib_async.wrapper: updatePortfolio: PortfolioItem(contract=Future(conId=770561189, symbol='M2K', lastTradeDateOrContractMonth='20260618', right='0', multiplier='5', primaryExchange='CME', currency='USD', localSymbol='M2KM6', tradingClass='M2K'), position=0.0, marketPrice=2926.0, marketValue=0.0, averageCost=0.0, unrealizedPNL=0.0, realizedPNL=-19.24, account='DUQ426424')
2026-05-27 13:19:52,484 INFO ib_async.wrapper: updatePortfolio: PortfolioItem(contract=Future(conId=770561189, symbol='M2K', lastTradeDateOrContractMonth='20260618', right='0', multiplier='5', primaryExchange='CME', currency='USD', localSymbol='M2KM6', tradingClass='M2K'), position=0.0, marketPrice=2926.6809082, marketValue=0.0, averageCost=0.0, unrealizedPNL=0.0, realizedPNL=-19.24, account='DUQ426424')
2026-05-27 13:22:51,746 INFO ib_async.wrapper: updatePortfolio: PortfolioItem(contract=Future(conId=770561189, symbol='M2K', lastTradeDateOrContractMonth='20260618', right='0', multiplier='5', primaryExchange='CME', currency='USD', localSymbol='M2KM6', tradingClass='M2K'), position=0.0, marketPrice=2926.6599121, marketValue=0.0, averageCost=0.0, unrealizedPNL=0.0, realizedPNL=-19.24, account='DUQ426424')
2026-05-27 13:25:51,783 INFO ib_async.wrapper: updatePortfolio: PortfolioItem(contract=Future(conId=770561189, symbol='M2K', lastTradeDateOrContractMonth='20260618', right='0', multiplier='5', primaryExchange='CME', currency='USD', localSymbol='M2KM6', tradingClass='M2K'), position=0.0, marketPrice=2928.3400879, marketValue=0.0, averageCost=0.0, unrealizedPNL=0.0, realizedPNL=-19.24, account='DUQ426424')
2026-05-27 13:28:51,914 INFO ib_async.wrapper: updatePortfolio: PortfolioItem(contract=Future(conId=770561189, symbol='M2K', lastTradeDateOrContractMonth='20260618', right='0', multiplier='5', primaryExchange='CME', currency='USD', localSymbol='M2KM6', tradingClass='M2K'), position=0.0, marketPrice=2927.5, marketValue=0.0, averageCost=0.0, unrealizedPNL=0.0, realizedPNL=-19.24, account='DUQ426424')
2026-05-27 13:31:51,833 INFO ib_async.wrapper: updatePortfolio: PortfolioItem(contract=Future(conId=770561189, symbol='M2K', lastTradeDateOrContractMonth='20260618', right='0', multiplier='5', primaryExchange='CME', currency='USD', localSymbol='M2KM6', tradingClass='M2K'), position=0.0, marketPrice=2927.5, marketValue=0.0, averageCost=0.0, unrealizedPNL=0.0, realizedPNL=-19.24, account='DUQ426424')
2026-05-27 13:34:51,827 INFO ib_async.wrapper: updatePortfolio: PortfolioItem(contract=Future(conId=770561189, symbol='M2K', lastTradeDateOrContractMonth='20260618', right='0', multiplier='5', primaryExchange='CME', currency='USD', localSymbol='M2KM6', tradingClass='M2K'), position=0.0, marketPrice=2927.19995115, marketValue=0.0, averageCost=0.0, unrealizedPNL=0.0, realizedPNL=-19.24, account='DUQ426424')
2026-05-27 13:37:51,880 INFO ib_async.wrapper: updatePortfolio: PortfolioItem(contract=Future(conId=770561189, symbol='M2K', lastTradeDateOrContractMonth='20260618', right='0', multiplier='5', primaryExchange='CME', currency='USD', localSymbol='M2KM6', tradingClass='M2K'), position=0.0, marketPrice=2926.95996095, marketValue=0.0, averageCost=0.0, unrealizedPNL=0.0, realizedPNL=-19.24, account='DUQ426424')
2026-05-27 13:40:51,908 INFO ib_async.wrapper: updatePortfolio: PortfolioItem(contract=Future(conId=770561189, symbol='M2K', lastTradeDateOrContractMonth='20260618', right='0', multiplier='5', primaryExchange='CME', currency='USD', localSymbol='M2KM6', tradingClass='M2K'), position=0.0, marketPrice=2927.30004885, marketValue=0.0, averageCost=0.0, unrealizedPNL=0.0, realizedPNL=-19.24, account='DUQ426424')
2026-05-27 13:43:51,941 INFO ib_async.wrapper: updatePortfolio: PortfolioItem(contract=Future(conId=770561189, symbol='M2K', lastTradeDateOrContractMonth='20260618', right='0', multiplier='5', primaryExchange='CME', currency='USD', localSymbol='M2KM6', tradingClass='M2K'), position=0.0, marketPrice=2928.26000975, marketValue=0.0, averageCost=0.0, unrealizedPNL=0.0, realizedPNL=-19.24, account='DUQ426424')
2026-05-27 13:46:52,360 INFO ib_async.wrapper: updatePortfolio: PortfolioItem(contract=Future(conId=770561189, symbol='M2K', lastTradeDateOrContractMonth='20260618', right='0', multiplier='5', primaryExchange='CME', currency='USD', localSymbol='M2KM6', tradingClass='M2K'), position=0.0, marketPrice=2927.39990235, marketValue=0.0, averageCost=0.0, unrealizedPNL=0.0, realizedPNL=-19.24, account='DUQ426424')
2026-05-27 13:49:51,963 INFO ib_async.wrapper: updatePortfolio: PortfolioItem(contract=Future(conId=770561189, symbol='M2K', lastTradeDateOrContractMonth='20260618', right='0', multiplier='5', primaryExchange='CME', currency='USD', localSymbol='M2KM6', tradingClass='M2K'), position=0.0, marketPrice=2927.23999025, marketValue=0.0, averageCost=0.0, unrealizedPNL=0.0, realizedPNL=-19.24, account='DUQ426424')
2026-05-27 13:52:51,946 INFO ib_async.wrapper: updatePortfolio: PortfolioItem(contract=Future(conId=770561189, symbol='M2K', lastTradeDateOrContractMonth='20260618', right='0', multiplier='5', primaryExchange='CME', currency='USD', localSymbol='M2KM6', tradingClass='M2K'), position=0.0, marketPrice=2927.1401367, marketValue=0.0, averageCost=0.0, unrealizedPNL=0.0, realizedPNL=-19.24, account='DUQ426424')
2026-05-27 13:55:51,992 INFO ib_async.wrapper: updatePortfolio: PortfolioItem(contract=Future(conId=770561189, symbol='M2K', lastTradeDateOrContractMonth='20260618', right='0', multiplier='5', primaryExchange='CME', currency='USD', localSymbol='M2KM6', tradingClass='M2K'), position=0.0, marketPrice=2925.1401367, marketValue=0.0, averageCost=0.0, unrealizedPNL=0.0, realizedPNL=-19.24, account='DUQ426424')
2026-05-27 13:58:52,117 INFO ib_async.wrapper: updatePortfolio: PortfolioItem(contract=Future(conId=770561189, symbol='M2K', lastTradeDateOrContractMonth='20260618', right='0', multiplier='5', primaryExchange='CME', currency='USD', localSymbol='M2KM6', tradingClass='M2K'), position=0.0, marketPrice=2925.39990235, marketValue=0.0, averageCost=0.0, unrealizedPNL=0.0, realizedPNL=-19.24, account='DUQ426424')
2026-05-27 14:01:52,042 INFO ib_async.wrapper: updatePortfolio: PortfolioItem(contract=Future(conId=770561189, symbol='M2K', lastTradeDateOrContractMonth='20260618', right='0', multiplier='5', primaryExchange='CME', currency='USD', localSymbol='M2KM6', tradingClass='M2K'), position=0.0, marketPrice=2924.54003905, marketValue=0.0, averageCost=0.0, unrealizedPNL=0.0, realizedPNL=-19.24, account='DUQ426424')
2026-05-27 14:04:52,064 INFO ib_async.wrapper: updatePortfolio: PortfolioItem(contract=Future(conId=770561189, symbol='M2K', lastTradeDateOrContractMonth='20260618', right='0', multiplier='5', primaryExchange='CME', currency='USD', localSymbol='M2KM6', tradingClass='M2K'), position=0.0, marketPrice=2923.3400879, marketValue=0.0, averageCost=0.0, unrealizedPNL=0.0, realizedPNL=-19.24, account='DUQ426424')
2026-05-27 14:07:52,041 INFO ib_async.wrapper: updatePortfolio: PortfolioItem(contract=Future(conId=770561189, symbol='M2K', lastTradeDateOrContractMonth='20260618', right='0', multiplier='5', primaryExchange='CME', currency='USD', localSymbol='M2KM6', tradingClass='M2K'), position=0.0, marketPrice=2923.04003905, marketValue=0.0, averageCost=0.0, unrealizedPNL=0.0, realizedPNL=-19.24, account='DUQ426424')
2026-05-27 14:10:52,078 INFO ib_async.wrapper: updatePortfolio: PortfolioItem(contract=Future(conId=770561189, symbol='M2K', lastTradeDateOrContractMonth='20260618', right='0', multiplier='5', primaryExchange='CME', currency='USD', localSymbol='M2KM6', tradingClass='M2K'), position=0.0, marketPrice=2922.1401367, marketValue=0.0, averageCost=0.0, unrealizedPNL=0.0, realizedPNL=-19.24, account='DUQ426424')
2026-05-27 14:13:52,130 INFO ib_async.wrapper: updatePortfolio: PortfolioItem(contract=Future(conId=770561189, symbol='M2K', lastTradeDateOrContractMonth='20260618', right='0', multiplier='5', primaryExchange='CME', currency='USD', localSymbol='M2KM6', tradingClass='M2K'), position=0.0, marketPrice=2921.12963865, marketValue=0.0, averageCost=0.0, unrealizedPNL=0.0, realizedPNL=-19.24, account='DUQ426424')
2026-05-27 14:16:52,158 INFO ib_async.wrapper: updatePortfolio: PortfolioItem(contract=Future(conId=770561189, symbol='M2K', lastTradeDateOrContractMonth='20260618', right='0', multiplier='5', primaryExchange='CME', currency='USD', localSymbol='M2KM6', tradingClass='M2K'), position=0.0, marketPrice=2920.5, marketValue=0.0, averageCost=0.0, unrealizedPNL=0.0, realizedPNL=-19.24, account='DUQ426424')
2026-05-27 14:19:52,133 INFO ib_async.wrapper: updatePortfolio: PortfolioItem(contract=Future(conId=770561189, symbol='M2K', lastTradeDateOrContractMonth='20260618', right='0', multiplier='5', primaryExchange='CME', currency='USD', localSymbol='M2KM6', tradingClass='M2K'), position=0.0, marketPrice=2921.23999025, marketValue=0.0, averageCost=0.0, unrealizedPNL=0.0, realizedPNL=-19.24, account='DUQ426424')
2026-05-27 14:22:52,188 INFO ib_async.wrapper: updatePortfolio: PortfolioItem(contract=Future(conId=770561189, symbol='M2K', lastTradeDateOrContractMonth='20260618', right='0', multiplier='5', primaryExchange='CME', currency='USD', localSymbol='M2KM6', tradingClass='M2K'), position=0.0, marketPrice=2922.54003905, marketValue=0.0, averageCost=0.0, unrealizedPNL=0.0, realizedPNL=-19.24, account='DUQ426424')
2026-05-27 14:25:52,152 INFO ib_async.wrapper: updatePortfolio: PortfolioItem(contract=Future(conId=770561189, symbol='M2K', lastTradeDateOrContractMonth='20260618', right='0', multiplier='5', primaryExchange='CME', currency='USD', localSymbol='M2KM6', tradingClass='M2K'), position=0.0, marketPrice=2920.76000975, marketValue=0.0, averageCost=0.0, unrealizedPNL=0.0, realizedPNL=-19.24, account='DUQ426424')
2026-05-27 14:28:52,265 INFO ib_async.wrapper: updatePortfolio: PortfolioItem(contract=Future(conId=770561189, symbol='M2K', lastTradeDateOrContractMonth='20260618', right='0', multiplier='5', primaryExchange='CME', currency='USD', localSymbol='M2KM6', tradingClass='M2K'), position=0.0, marketPrice=2920.6401367, marketValue=0.0, averageCost=0.0, unrealizedPNL=0.0, realizedPNL=-19.24, account='DUQ426424')
2026-05-27 14:31:52,271 INFO ib_async.wrapper: updatePortfolio: PortfolioItem(contract=Future(conId=770561189, symbol='M2K', lastTradeDateOrContractMonth='20260618', right='0', multiplier='5', primaryExchange='CME', currency='USD', localSymbol='M2KM6', tradingClass='M2K'), position=0.0, marketPrice=2922.26000975, marketValue=0.0, averageCost=0.0, unrealizedPNL=0.0, realizedPNL=-19.24, account='DUQ426424')
2026-05-27 14:34:52,283 INFO ib_async.wrapper: updatePortfolio: PortfolioItem(contract=Future(conId=770561189, symbol='M2K', lastTradeDateOrContractMonth='20260618', right='0', multiplier='5', primaryExchange='CME', currency='USD', localSymbol='M2KM6', tradingClass='M2K'), position=0.0, marketPrice=2923.3400879, marketValue=0.0, averageCost=0.0, unrealizedPNL=0.0, realizedPNL=-19.24, account='DUQ426424')
2026-05-27 14:37:52,578 INFO ib_async.wrapper: updatePortfolio: PortfolioItem(contract=Future(conId=770561189, symbol='M2K', lastTradeDateOrContractMonth='20260618', right='0', multiplier='5', primaryExchange='CME', currency='USD', localSymbol='M2KM6', tradingClass='M2K'), position=0.0, marketPrice=2923.98999025, marketValue=0.0, averageCost=0.0, unrealizedPNL=0.0, realizedPNL=-19.24, account='DUQ426424')
2026-05-27 14:40:52,598 INFO ib_async.wrapper: updatePortfolio: PortfolioItem(contract=Future(conId=770561189, symbol='M2K', lastTradeDateOrContractMonth='20260618', right='0', multiplier='5', primaryExchange='CME', currency='USD', localSymbol='M2KM6', tradingClass='M2K'), position=0.0, marketPrice=2923.392334, marketValue=0.0, averageCost=0.0, unrealizedPNL=0.0, realizedPNL=-19.24, account='DUQ426424')
2026-05-27 14:43:52,721 INFO ib_async.wrapper: updatePortfolio: PortfolioItem(contract=Future(conId=770561189, symbol='M2K', lastTradeDateOrContractMonth='20260618', right='0', multiplier='5', primaryExchange='CME', currency='USD', localSymbol='M2KM6', tradingClass='M2K'), position=0.0, marketPrice=2924.73999025, marketValue=0.0, averageCost=0.0, unrealizedPNL=0.0, realizedPNL=-19.24, account='DUQ426424')
2026-05-27 14:46:52,743 INFO ib_async.wrapper: updatePortfolio: PortfolioItem(contract=Future(conId=770561189, symbol='M2K', lastTradeDateOrContractMonth='20260618', right='0', multiplier='5', primaryExchange='CME', currency='USD', localSymbol='M2KM6', tradingClass='M2K'), position=0.0, marketPrice=2923.8498535, marketValue=0.0, averageCost=0.0, unrealizedPNL=0.0, realizedPNL=-19.24, account='DUQ426424')
2026-05-27 14:49:52,763 INFO ib_async.wrapper: updatePortfolio: PortfolioItem(contract=Future(conId=770561189, symbol='M2K', lastTradeDateOrContractMonth='20260618', right='0', multiplier='5', primaryExchange='CME', currency='USD', localSymbol='M2KM6', tradingClass='M2K'), position=0.0, marketPrice=2922.8598633, marketValue=0.0, averageCost=0.0, unrealizedPNL=0.0, realizedPNL=-19.24, account='DUQ426424')
2026-05-27 14:52:52,667 INFO ib_async.wrapper: updatePortfolio: PortfolioItem(contract=Future(conId=770561189, symbol='M2K', lastTradeDateOrContractMonth='20260618', right='0', multiplier='5', primaryExchange='CME', currency='USD', localSymbol='M2KM6', tradingClass='M2K'), position=0.0, marketPrice=2924.8400879, marketValue=0.0, averageCost=0.0, unrealizedPNL=0.0, realizedPNL=-19.24, account='DUQ426424')
2026-05-27 14:55:52,668 INFO ib_async.wrapper: updatePortfolio: PortfolioItem(contract=Future(conId=770561189, symbol='M2K', lastTradeDateOrContractMonth='20260618', right='0', multiplier='5', primaryExchange='CME', currency='USD', localSymbol='M2KM6', tradingClass='M2K'), position=0.0, marketPrice=2924.5, marketValue=0.0, averageCost=0.0, unrealizedPNL=0.0, realizedPNL=-19.24, account='DUQ426424')
2026-05-27 14:58:52,672 INFO ib_async.wrapper: updatePortfolio: PortfolioItem(contract=Future(conId=770561189, symbol='M2K', lastTradeDateOrContractMonth='20260618', right='0', multiplier='5', primaryExchange='CME', currency='USD', localSymbol='M2KM6', tradingClass='M2K'), position=0.0, marketPrice=2925.54003905, marketValue=0.0, averageCost=0.0, unrealizedPNL=0.0, realizedPNL=-19.24, account='DUQ426424')
2026-05-27 15:01:52,704 INFO ib_async.wrapper: updatePortfolio: PortfolioItem(contract=Future(conId=770561189, symbol='M2K', lastTradeDateOrContractMonth='20260618', right='0', multiplier='5', primaryExchange='CME', currency='USD', localSymbol='M2KM6', tradingClass='M2K'), position=0.0, marketPrice=2926.3400879, marketValue=0.0, averageCost=0.0, unrealizedPNL=0.0, realizedPNL=-19.24, account='DUQ426424')
2026-05-27 15:04:52,802 INFO ib_async.wrapper: updatePortfolio: PortfolioItem(contract=Future(conId=770561189, symbol='M2K', lastTradeDateOrContractMonth='20260618', right='0', multiplier='5', primaryExchange='CME', currency='USD', localSymbol='M2KM6', tradingClass='M2K'), position=0.0, marketPrice=2925.39990235, marketValue=0.0, averageCost=0.0, unrealizedPNL=0.0, realizedPNL=-19.24, account='DUQ426424')
2026-05-27 15:07:52,826 INFO ib_async.wrapper: updatePortfolio: PortfolioItem(contract=Future(conId=770561189, symbol='M2K', lastTradeDateOrContractMonth='20260618', right='0', multiplier='5', primaryExchange='CME', currency='USD', localSymbol='M2KM6', tradingClass='M2K'), position=0.0, marketPrice=2925.3400879, marketValue=0.0, averageCost=0.0, unrealizedPNL=0.0, realizedPNL=-19.24, account='DUQ426424')
2026-05-27 15:10:52,749 INFO ib_async.wrapper: updatePortfolio: PortfolioItem(contract=Future(conId=770561189, symbol='M2K', lastTradeDateOrContractMonth='20260618', right='0', multiplier='5', primaryExchange='CME', currency='USD', localSymbol='M2KM6', tradingClass='M2K'), position=0.0, marketPrice=2925.1401367, marketValue=0.0, averageCost=0.0, unrealizedPNL=0.0, realizedPNL=-19.24, account='DUQ426424')
2026-05-27 15:13:52,766 INFO ib_async.wrapper: updatePortfolio: PortfolioItem(contract=Future(conId=770561189, symbol='M2K', lastTradeDateOrContractMonth='20260618', right='0', multiplier='5', primaryExchange='CME', currency='USD', localSymbol='M2KM6', tradingClass='M2K'), position=0.0, marketPrice=2925.69995115, marketValue=0.0, averageCost=0.0, unrealizedPNL=0.0, realizedPNL=-19.24, account='DUQ426424')
2026-05-27 15:16:52,712 INFO ib_async.wrapper: updatePortfolio: PortfolioItem(contract=Future(conId=770561189, symbol='M2K', lastTradeDateOrContractMonth='20260618', right='0', multiplier='5', primaryExchange='CME', currency='USD', localSymbol='M2KM6', tradingClass='M2K'), position=0.0, marketPrice=2924.60009765, marketValue=0.0, averageCost=0.0, unrealizedPNL=0.0, realizedPNL=-19.24, account='DUQ426424')
2026-05-27 15:17:21,057 INFO ib_async.wrapper: updatePortfolio: PortfolioItem(contract=Future(conId=770561189, symbol='M2K', lastTradeDateOrContractMonth='20260618', right='0', multiplier='5', primaryExchange='CME', currency='USD', localSymbol='M2KM6', tradingClass='M2K'), position=0.0, marketPrice=2924.8598633, marketValue=0.0, averageCost=0.0, unrealizedPNL=0.0, realizedPNL=-19.24, account='DUQ426424')
2026-05-27 15:19:52,814 INFO ib_async.wrapper: updatePortfolio: PortfolioItem(contract=Future(conId=770561189, symbol='M2K', lastTradeDateOrContractMonth='20260618', right='0', multiplier='5', primaryExchange='CME', currency='USD', localSymbol='M2KM6', tradingClass='M2K'), position=0.0, marketPrice=2926.19995115, marketValue=0.0, averageCost=0.0, unrealizedPNL=0.0, realizedPNL=-19.24, account='DUQ426424')
2026-05-27 15:22:52,733 INFO ib_async.wrapper: updatePortfolio: PortfolioItem(contract=Future(conId=770561189, symbol='M2K', lastTradeDateOrContractMonth='20260618', right='0', multiplier='5', primaryExchange='CME', currency='USD', localSymbol='M2KM6', tradingClass='M2K'), position=0.0, marketPrice=2926.1401367, marketValue=0.0, averageCost=0.0, unrealizedPNL=0.0, realizedPNL=-19.24, account='DUQ426424')
2026-05-27 15:25:52,725 INFO ib_async.wrapper: updatePortfolio: PortfolioItem(contract=Future(conId=770561189, symbol='M2K', lastTradeDateOrContractMonth='20260618', right='0', multiplier='5', primaryExchange='CME', currency='USD', localSymbol='M2KM6', tradingClass='M2K'), position=0.0, marketPrice=2926.3432617, marketValue=0.0, averageCost=0.0, unrealizedPNL=0.0, realizedPNL=-19.24, account='DUQ426424')
2026-05-27 15:28:52,791 INFO ib_async.wrapper: updatePortfolio: PortfolioItem(contract=Future(conId=770561189, symbol='M2K', lastTradeDateOrContractMonth='20260618', right='0', multiplier='5', primaryExchange='CME', currency='USD', localSymbol='M2KM6', tradingClass='M2K'), position=0.0, marketPrice=2926.0600586, marketValue=0.0, averageCost=0.0, unrealizedPNL=0.0, realizedPNL=-19.24, account='DUQ426424')
2026-05-27 15:31:52,747 INFO ib_async.wrapper: updatePortfolio: PortfolioItem(contract=Future(conId=770561189, symbol='M2K', lastTradeDateOrContractMonth='20260618', right='0', multiplier='5', primaryExchange='CME', currency='USD', localSymbol='M2KM6', tradingClass='M2K'), position=0.0, marketPrice=2926.5600586, marketValue=0.0, averageCost=0.0, unrealizedPNL=0.0, realizedPNL=-19.24, account='DUQ426424')
2026-05-27 15:34:52,753 INFO ib_async.wrapper: updatePortfolio: PortfolioItem(contract=Future(conId=770561189, symbol='M2K', lastTradeDateOrContractMonth='20260618', right='0', multiplier='5', primaryExchange='CME', currency='USD', localSymbol='M2KM6', tradingClass='M2K'), position=0.0, marketPrice=2926.6196289, marketValue=0.0, averageCost=0.0, unrealizedPNL=0.0, realizedPNL=-19.24, account='DUQ426424')
2026-05-27 15:37:52,766 INFO ib_async.wrapper: updatePortfolio: PortfolioItem(contract=Future(conId=770561189, symbol='M2K', lastTradeDateOrContractMonth='20260618', right='0', multiplier='5', primaryExchange='CME', currency='USD', localSymbol='M2KM6', tradingClass='M2K'), position=0.0, marketPrice=2926.73999025, marketValue=0.0, averageCost=0.0, unrealizedPNL=0.0, realizedPNL=-19.24, account='DUQ426424')
2026-05-27 15:40:52,786 INFO ib_async.wrapper: updatePortfolio: PortfolioItem(contract=Future(conId=770561189, symbol='M2K', lastTradeDateOrContractMonth='20260618', right='0', multiplier='5', primaryExchange='CME', currency='USD', localSymbol='M2KM6', tradingClass='M2K'), position=0.0, marketPrice=2926.95996095, marketValue=0.0, averageCost=0.0, unrealizedPNL=0.0, realizedPNL=-19.24, account='DUQ426424')
2026-05-27 15:43:52,811 INFO ib_async.wrapper: updatePortfolio: PortfolioItem(contract=Future(conId=770561189, symbol='M2K', lastTradeDateOrContractMonth='20260618', right='0', multiplier='5', primaryExchange='CME', currency='USD', localSymbol='M2KM6', tradingClass='M2K'), position=0.0, marketPrice=2926.54003905, marketValue=0.0, averageCost=0.0, unrealizedPNL=0.0, realizedPNL=-19.24, account='DUQ426424')
2026-05-27 15:46:52,761 INFO ib_async.wrapper: updatePortfolio: PortfolioItem(contract=Future(conId=770561189, symbol='M2K', lastTradeDateOrContractMonth='20260618', right='0', multiplier='5', primaryExchange='CME', currency='USD', localSymbol='M2KM6', tradingClass='M2K'), position=0.0, marketPrice=2926.5600586, marketValue=0.0, averageCost=0.0, unrealizedPNL=0.0, realizedPNL=-19.24, account='DUQ426424')
2026-05-27 15:49:52,788 INFO ib_async.wrapper: updatePortfolio: PortfolioItem(contract=Future(conId=770561189, symbol='M2K', lastTradeDateOrContractMonth='20260618', right='0', multiplier='5', primaryExchange='CME', currency='USD', localSymbol='M2KM6', tradingClass='M2K'), position=0.0, marketPrice=2926.89990235, marketValue=0.0, averageCost=0.0, unrealizedPNL=0.0, realizedPNL=-19.24, account='DUQ426424')
2026-05-27 15:52:52,787 INFO ib_async.wrapper: updatePortfolio: PortfolioItem(contract=Future(conId=770561189, symbol='M2K', lastTradeDateOrContractMonth='20260618', right='0', multiplier='5', primaryExchange='CME', currency='USD', localSymbol='M2KM6', tradingClass='M2K'), position=0.0, marketPrice=2927.4399414, marketValue=0.0, averageCost=0.0, unrealizedPNL=0.0, realizedPNL=-19.24, account='DUQ426424')
2026-05-27 15:55:52,816 INFO ib_async.wrapper: updatePortfolio: PortfolioItem(contract=Future(conId=770561189, symbol='M2K', lastTradeDateOrContractMonth='20260618', right='0', multiplier='5', primaryExchange='CME', currency='USD', localSymbol='M2KM6', tradingClass='M2K'), position=0.0, marketPrice=2928.0600586, marketValue=0.0, averageCost=0.0, unrealizedPNL=0.0, realizedPNL=-19.24, account='DUQ426424')
2026-05-27 15:58:52,819 INFO ib_async.wrapper: updatePortfolio: PortfolioItem(contract=Future(conId=770561189, symbol='M2K', lastTradeDateOrContractMonth='20260618', right='0', multiplier='5', primaryExchange='CME', currency='USD', localSymbol='M2KM6', tradingClass='M2K'), position=0.0, marketPrice=2929.3222656, marketValue=0.0, averageCost=0.0, unrealizedPNL=0.0, realizedPNL=-19.24, account='DUQ426424')
2026-05-27 16:01:52,825 INFO ib_async.wrapper: updatePortfolio: PortfolioItem(contract=Future(conId=770561189, symbol='M2K', lastTradeDateOrContractMonth='20260618', right='0', multiplier='5', primaryExchange='CME', currency='USD', localSymbol='M2KM6', tradingClass='M2K'), position=0.0, marketPrice=2929.4230957, marketValue=0.0, averageCost=0.0, unrealizedPNL=0.0, realizedPNL=-19.24, account='DUQ426424')
2026-05-27 16:30:00,010 INFO run_live_loop: reconcile severity=ok expected={} actual={}
2026-05-27 16:30:02,009 INFO ib_async.ib: placeOrder: New order Trade(contract=ContFuture(conId=770561189, symbol='M2K', lastTradeDateOrContractMonth='20260618', multiplier='5', exchange='CME', currency='USD', localSymbol='M2KM6', tradingClass='M2K'), order=MarketOrder(orderId=62, clientId=14, action='BUY', totalQuantity=1, tif='DAY', orderRef='trend-1'), orderStatus=OrderStatus(orderId=62, status='PendingSubmit', filled=0.0, remaining=0.0, avgFillPrice=0.0, permId=0, parentId=0, lastFillPrice=0.0, clientId=0, whyHeld='', mktCapPrice=0.0), fills=[], log=[TradeLogEntry(time=datetime.datetime(2026, 5, 27, 21, 30, 2, 9491, tzinfo=datetime.timezone.utc), status='PendingSubmit', message='', errorCode=0)], advancedError='')
2026-05-27 16:30:02,118 INFO ib_async.wrapper: orderStatus: Trade(contract=ContFuture(conId=770561189, symbol='M2K', lastTradeDateOrContractMonth='20260618', multiplier='5', exchange='CME', currency='USD', localSymbol='M2KM6', tradingClass='M2K'), order=MarketOrder(orderId=62, clientId=14, permId=369699219, action='BUY', totalQuantity=1.0, lmtPrice=0.0, auxPrice=0.0, tif='DAY', orderRef='trend-1'), orderStatus=OrderStatus(orderId=62, status='PreSubmitted', filled=0.0, remaining=1.0, avgFillPrice=0.0, permId=369699219, parentId=0, lastFillPrice=0.0, clientId=14, whyHeld='', mktCapPrice=0.0), fills=[], log=[TradeLogEntry(time=datetime.datetime(2026, 5, 27, 21, 30, 2, 9491, tzinfo=datetime.timezone.utc), status='PendingSubmit', message='', errorCode=0), TradeLogEntry(time=datetime.datetime(2026, 5, 27, 21, 30, 2, 117825, tzinfo=datetime.timezone.utc), status='PreSubmitted', message='', errorCode=0)], advancedError='')
2026-05-27 16:30:04,023 INFO run_live_loop: tick done: 1 orders, 0 fills
2026-05-27 16:30:04,026 INFO run_daily_live: appended run log to logs/daily.jsonl
2026-05-27 16:30:04,026 INFO run_live_loop: next tick at 2026-05-28T17:30:00-04:00
2026-05-27 17:00:00,804 INFO ib_async.wrapper: position: Position(account='DUQ426424', contract=Future(conId=770561189, symbol='M2K', lastTradeDateOrContractMonth='20260618', multiplier='5', currency='USD', localSymbol='M2KM6', tradingClass='M2K'), position=1.0, avgCost=14645.0)
2026-05-27 17:00:00,810 INFO ib_async.wrapper: execDetails Execution(execId='0000e1a7.6a244c47.01.01', time=datetime.datetime(2026, 5, 28, 3, 0, tzinfo=datetime.timezone.utc), acctNumber='DUQ426424', exchange='CME', side='BOT', shares=1.0, price=2929.0, permId=369699219, clientId=14, orderId=62, liquidation=0, cumQty=1.0, avgPrice=2929.0, orderRef='trend-1', evRule='', evMultiplier=0.0, modelCode='', lastLiquidity=1, pendingPriceRevision=False)
2026-05-27 17:00:00,810 INFO ib_async.wrapper: execDetails: Fill(contract=ContFuture(conId=770561189, symbol='M2K', lastTradeDateOrContractMonth='20260618', multiplier='5', exchange='CME', currency='USD', localSymbol='M2KM6', tradingClass='M2K'), execution=Execution(execId='0000e1a7.6a244c47.01.01', time=datetime.datetime(2026, 5, 28, 3, 0, tzinfo=datetime.timezone.utc), acctNumber='DUQ426424', exchange='CME', side='BOT', shares=1.0, price=2929.0, permId=369699219, clientId=14, orderId=62, liquidation=0, cumQty=1.0, avgPrice=2929.0, orderRef='trend-1', evRule='', evMultiplier=0.0, modelCode='', lastLiquidity=1, pendingPriceRevision=False), commissionReport=CommissionReport(execId='', commission=0.0, currency='', realizedPNL=0.0, yield_=0.0, yieldRedemptionDate=0), time=datetime.datetime(2026, 5, 27, 22, 0, 0, 809743, tzinfo=datetime.timezone.utc))
2026-05-27 17:00:00,811 INFO ib_async.wrapper: orderStatus: Trade(contract=ContFuture(conId=770561189, symbol='M2K', lastTradeDateOrContractMonth='20260618', multiplier='5', exchange='CME', currency='USD', localSymbol='M2KM6', tradingClass='M2K'), order=MarketOrder(orderId=62, clientId=14, permId=369699219, action='BUY', totalQuantity=1.0, lmtPrice=0.0, auxPrice=0.0, tif='DAY', orderRef='trend-1'), orderStatus=OrderStatus(orderId=62, status='Filled', filled=1.0, remaining=0.0, avgFillPrice=2929.0, permId=369699219, parentId=0, lastFillPrice=2929.0, clientId=14, whyHeld='', mktCapPrice=0.0), fills=[Fill(contract=ContFuture(conId=770561189, symbol='M2K', lastTradeDateOrContractMonth='20260618', multiplier='5', exchange='CME', currency='USD', localSymbol='M2KM6', tradingClass='M2K'), execution=Execution(execId='0000e1a7.6a244c47.01.01', time=datetime.datetime(2026, 5, 28, 3, 0, tzinfo=datetime.timezone.utc), acctNumber='DUQ426424', exchange='CME', side='BOT', shares=1.0, price=2929.0, permId=369699219, clientId=14, orderId=62, liquidation=0, cumQty=1.0, avgPrice=2929.0, orderRef='trend-1', evRule='', evMultiplier=0.0, modelCode='', lastLiquidity=1, pendingPriceRevision=False), commissionReport=CommissionReport(execId='', commission=0.0, currency='', realizedPNL=0.0, yield_=0.0, yieldRedemptionDate=0), time=datetime.datetime(2026, 5, 27, 22, 0, 0, 809743, tzinfo=datetime.timezone.utc))], log=[TradeLogEntry(time=datetime.datetime(2026, 5, 27, 21, 30, 2, 9491, tzinfo=datetime.timezone.utc), status='PendingSubmit', message='', errorCode=0), TradeLogEntry(time=datetime.datetime(2026, 5, 27, 21, 30, 2, 117825, tzinfo=datetime.timezone.utc), status='PreSubmitted', message='', errorCode=0), TradeLogEntry(time=datetime.datetime(2026, 5, 27, 22, 0, 0, 809743, tzinfo=datetime.timezone.utc), status='PreSubmitted', message='Fill 1.0@2929.0', errorCode=0), TradeLogEntry(time=datetime.datetime(2026, 5, 27, 22, 0, 0, 810901, tzinfo=datetime.timezone.utc), status='Filled', message='', errorCode=0)], advancedError='')
2026-05-27 17:00:00,815 INFO ib_async.wrapper: commissionReport: CommissionReport(execId='0000e1a7.6a244c47.01.01', commission=0.62, currency='USD', realizedPNL=0.0, yield_=0.0, yieldRedemptionDate=0)
2026-05-27 17:00:00,815 INFO ib_async.wrapper: position: Position(account='DUQ426424', contract=Future(conId=770561189, symbol='M2K', lastTradeDateOrContractMonth='20260618', multiplier='5', currency='USD', localSymbol='M2KM6', tradingClass='M2K'), position=1.0, avgCost=14645.62)
2026-05-27 17:00:01,845 INFO ib_async.wrapper: updatePortfolio: PortfolioItem(contract=Future(conId=770561189, symbol='M2K', lastTradeDateOrContractMonth='20260618', right='0', multiplier='5', primaryExchange='CME', currency='USD', localSymbol='M2KM6', tradingClass='M2K'), position=1.0, marketPrice=2929.4213867, marketValue=14647.11, averageCost=14645.62, unrealizedPNL=1.49, realizedPNL=-19.24, account='DUQ426424')
2026-05-27 17:03:01,972 INFO ib_async.wrapper: updatePortfolio: PortfolioItem(contract=Future(conId=770561189, symbol='M2K', lastTradeDateOrContractMonth='20260618', right='0', multiplier='5', primaryExchange='CME', currency='USD', localSymbol='M2KM6', tradingClass='M2K'), position=1.0, marketPrice=2930.86254885, marketValue=14654.31, averageCost=14645.62, unrealizedPNL=8.69, realizedPNL=-19.24, account='DUQ426424')
2026-05-27 17:04:24,894 INFO ib_async.wrapper: position: Position(account='DUQ426424', contract=Future(conId=770561189, symbol='M2K', lastTradeDateOrContractMonth='20260618', multiplier='5', currency='USD', localSymbol='M2KM6', tradingClass='M2K'), position=1.0, avgCost=14645.62)
2026-05-27 17:04:24,898 INFO ib_async.wrapper: position: Position(account='DUQ426424', contract=Future(conId=770561189, symbol='M2K', lastTradeDateOrContractMonth='20260618', multiplier='5', currency='USD', localSymbol='M2KM6', tradingClass='M2K'), position=1.0, avgCost=14645.62)
2026-05-27 17:06:01,909 INFO ib_async.wrapper: updatePortfolio: PortfolioItem(contract=Future(conId=770561189, symbol='M2K', lastTradeDateOrContractMonth='20260618', right='0', multiplier='5', primaryExchange='CME', currency='USD', localSymbol='M2KM6', tradingClass='M2K'), position=1.0, marketPrice=2930.30688475, marketValue=14651.53, averageCost=14645.62, unrealizedPNL=5.91, realizedPNL=-19.24, account='DUQ426424')
2026-05-27 17:09:01,983 INFO ib_async.wrapper: updatePortfolio: PortfolioItem(contract=Future(conId=770561189, symbol='M2K', lastTradeDateOrContractMonth='20260618', right='0', multiplier='5', primaryExchange='CME', currency='USD', localSymbol='M2KM6', tradingClass='M2K'), position=1.0, marketPrice=2929.50390625, marketValue=14647.52, averageCost=14645.62, unrealizedPNL=1.9, realizedPNL=-19.24, account='DUQ426424')
2026-05-27 17:12:01,945 INFO ib_async.wrapper: updatePortfolio: PortfolioItem(contract=Future(conId=770561189, symbol='M2K', lastTradeDateOrContractMonth='20260618', right='0', multiplier='5', primaryExchange='CME', currency='USD', localSymbol='M2KM6', tradingClass='M2K'), position=1.0, marketPrice=2928.7180176, marketValue=14643.59, averageCost=14645.62, unrealizedPNL=-2.03, realizedPNL=-19.24, account='DUQ426424')
2026-05-27 17:15:01,935 INFO ib_async.wrapper: updatePortfolio: PortfolioItem(contract=Future(conId=770561189, symbol='M2K', lastTradeDateOrContractMonth='20260618', right='0', multiplier='5', primaryExchange='CME', currency='USD', localSymbol='M2KM6', tradingClass='M2K'), position=1.0, marketPrice=2928.89526365, marketValue=14644.48, averageCost=14645.62, unrealizedPNL=-1.14, realizedPNL=-19.24, account='DUQ426424')
2026-05-27 17:18:01,977 INFO ib_async.wrapper: updatePortfolio: PortfolioItem(contract=Future(conId=770561189, symbol='M2K', lastTradeDateOrContractMonth='20260618', right='0', multiplier='5', primaryExchange='CME', currency='USD', localSymbol='M2KM6', tradingClass='M2K'), position=1.0, marketPrice=2928.6179199, marketValue=14643.09, averageCost=14645.62, unrealizedPNL=-2.53, realizedPNL=-19.24, account='DUQ426424')
2026-05-27 17:21:01,996 INFO ib_async.wrapper: updatePortfolio: PortfolioItem(contract=Future(conId=770561189, symbol='M2K', lastTradeDateOrContractMonth='20260618', right='0', multiplier='5', primaryExchange='CME', currency='USD', localSymbol='M2KM6', tradingClass='M2K'), position=1.0, marketPrice=2929.30004885, marketValue=14646.5, averageCost=14645.62, unrealizedPNL=0.88, realizedPNL=-19.24, account='DUQ426424')
2026-05-27 17:24:02,003 INFO ib_async.wrapper: updatePortfolio: PortfolioItem(contract=Future(conId=770561189, symbol='M2K', lastTradeDateOrContractMonth='20260618', right='0', multiplier='5', primaryExchange='CME', currency='USD', localSymbol='M2KM6', tradingClass='M2K'), position=1.0, marketPrice=2929.1599121, marketValue=14645.8, averageCost=14645.62, unrealizedPNL=0.18, realizedPNL=-19.24, account='DUQ426424')
2026-05-27 17:27:01,931 INFO ib_async.wrapper: updatePortfolio: PortfolioItem(contract=Future(conId=770561189, symbol='M2K', lastTradeDateOrContractMonth='20260618', right='0', multiplier='5', primaryExchange='CME', currency='USD', localSymbol='M2KM6', tradingClass='M2K'), position=1.0, marketPrice=2928.08911135, marketValue=14640.45, averageCost=14645.62, unrealizedPNL=-5.17, realizedPNL=-19.24, account='DUQ426424')
2026-05-27 17:30:01,954 INFO ib_async.wrapper: updatePortfolio: PortfolioItem(contract=Future(conId=770561189, symbol='M2K', lastTradeDateOrContractMonth='20260618', right='0', multiplier='5', primaryExchange='CME', currency='USD', localSymbol='M2KM6', tradingClass='M2K'), position=1.0, marketPrice=2926.73999025, marketValue=14633.7, averageCost=14645.62, unrealizedPNL=-11.92, realizedPNL=-19.24, account='DUQ426424')
2026-05-27 17:33:01,969 INFO ib_async.wrapper: updatePortfolio: PortfolioItem(contract=Future(conId=770561189, symbol='M2K', lastTradeDateOrContractMonth='20260618', right='0', multiplier='5', primaryExchange='CME', currency='USD', localSymbol='M2KM6', tradingClass='M2K'), position=1.0, marketPrice=2926.30004885, marketValue=14631.5, averageCost=14645.62, unrealizedPNL=-14.12, realizedPNL=-19.24, account='DUQ426424')
2026-05-27 17:36:01,999 INFO ib_async.wrapper: updatePortfolio: PortfolioItem(contract=Future(conId=770561189, symbol='M2K', lastTradeDateOrContractMonth='20260618', right='0', multiplier='5', primaryExchange='CME', currency='USD', localSymbol='M2KM6', tradingClass='M2K'), position=1.0, marketPrice=2926.55981445, marketValue=14632.8, averageCost=14645.62, unrealizedPNL=-12.82, realizedPNL=-19.24, account='DUQ426424')
2026-05-27 17:39:01,915 INFO ib_async.wrapper: updatePortfolio: PortfolioItem(contract=Future(conId=770561189, symbol='M2K', lastTradeDateOrContractMonth='20260618', right='0', multiplier='5', primaryExchange='CME', currency='USD', localSymbol='M2KM6', tradingClass='M2K'), position=1.0, marketPrice=2927.23876955, marketValue=14636.19, averageCost=14645.62, unrealizedPNL=-9.43, realizedPNL=-19.24, account='DUQ426424')
2026-05-27 17:42:01,933 INFO ib_async.wrapper: updatePortfolio: PortfolioItem(contract=Future(conId=770561189, symbol='M2K', lastTradeDateOrContractMonth='20260618', right='0', multiplier='5', primaryExchange='CME', currency='USD', localSymbol='M2KM6', tradingClass='M2K'), position=1.0, marketPrice=2926.73999025, marketValue=14633.7, averageCost=14645.62, unrealizedPNL=-11.92, realizedPNL=-19.24, account='DUQ426424')
2026-05-27 17:45:01,975 INFO ib_async.wrapper: updatePortfolio: PortfolioItem(contract=Future(conId=770561189, symbol='M2K', lastTradeDateOrContractMonth='20260618', right='0', multiplier='5', primaryExchange='CME', currency='USD', localSymbol='M2KM6', tradingClass='M2K'), position=1.0, marketPrice=2926.77978515, marketValue=14633.9, averageCost=14645.62, unrealizedPNL=-11.72, realizedPNL=-19.24, account='DUQ426424')
2026-05-27 17:48:01,997 INFO ib_async.wrapper: updatePortfolio: PortfolioItem(contract=Future(conId=770561189, symbol='M2K', lastTradeDateOrContractMonth='20260618', right='0', multiplier='5', primaryExchange='CME', currency='USD', localSymbol='M2KM6', tradingClass='M2K'), position=1.0, marketPrice=2926.57788085, marketValue=14632.89, averageCost=14645.62, unrealizedPNL=-12.73, realizedPNL=-19.24, account='DUQ426424')
2026-05-27 17:51:02,029 INFO ib_async.wrapper: updatePortfolio: PortfolioItem(contract=Future(conId=770561189, symbol='M2K', lastTradeDateOrContractMonth='20260618', right='0', multiplier='5', primaryExchange='CME', currency='USD', localSymbol='M2KM6', tradingClass='M2K'), position=1.0, marketPrice=2926.9819336, marketValue=14634.91, averageCost=14645.62, unrealizedPNL=-10.71, realizedPNL=-19.24, account='DUQ426424')
2026-05-27 17:54:02,045 INFO ib_async.wrapper: updatePortfolio: PortfolioItem(contract=Future(conId=770561189, symbol='M2K', lastTradeDateOrContractMonth='20260618', right='0', multiplier='5', primaryExchange='CME', currency='USD', localSymbol='M2KM6', tradingClass='M2K'), position=1.0, marketPrice=2927.1401367, marketValue=14635.7, averageCost=14645.62, unrealizedPNL=-9.92, realizedPNL=-19.24, account='DUQ426424')
2026-05-27 17:57:01,952 INFO ib_async.wrapper: updatePortfolio: PortfolioItem(contract=Future(conId=770561189, symbol='M2K', lastTradeDateOrContractMonth='20260618', right='0', multiplier='5', primaryExchange='CME', currency='USD', localSymbol='M2KM6', tradingClass='M2K'), position=1.0, marketPrice=2926.69995115, marketValue=14633.5, averageCost=14645.62, unrealizedPNL=-12.12, realizedPNL=-19.24, account='DUQ426424')
2026-05-27 18:00:01,959 INFO ib_async.wrapper: updatePortfolio: PortfolioItem(contract=Future(conId=770561189, symbol='M2K', lastTradeDateOrContractMonth='20260618', right='0', multiplier='5', primaryExchange='CME', currency='USD', localSymbol='M2KM6', tradingClass='M2K'), position=1.0, marketPrice=2926.6599121, marketValue=14633.3, averageCost=14645.62, unrealizedPNL=-12.32, realizedPNL=-19.24, account='DUQ426424')
2026-05-27 18:03:02,012 INFO ib_async.wrapper: updatePortfolio: PortfolioItem(contract=Future(conId=770561189, symbol='M2K', lastTradeDateOrContractMonth='20260618', right='0', multiplier='5', primaryExchange='CME', currency='USD', localSymbol='M2KM6', tradingClass='M2K'), position=1.0, marketPrice=2927.42163085, marketValue=14637.11, averageCost=14645.62, unrealizedPNL=-8.51, realizedPNL=-19.24, account='DUQ426424')
2026-05-27 18:06:01,965 INFO ib_async.wrapper: updatePortfolio: PortfolioItem(contract=Future(conId=770561189, symbol='M2K', lastTradeDateOrContractMonth='20260618', right='0', multiplier='5', primaryExchange='CME', currency='USD', localSymbol='M2KM6', tradingClass='M2K'), position=1.0, marketPrice=2926.9399414, marketValue=14634.7, averageCost=14645.62, unrealizedPNL=-10.92, realizedPNL=-19.24, account='DUQ426424')
2026-05-27 18:09:02,056 INFO ib_async.wrapper: updatePortfolio: PortfolioItem(contract=Future(conId=770561189, symbol='M2K', lastTradeDateOrContractMonth='20260618', right='0', multiplier='5', primaryExchange='CME', currency='USD', localSymbol='M2KM6', tradingClass='M2K'), position=1.0, marketPrice=2926.3598633, marketValue=14631.8, averageCost=14645.62, unrealizedPNL=-13.82, realizedPNL=-19.24, account='DUQ426424')
2026-05-27 18:12:02,080 INFO ib_async.wrapper: updatePortfolio: PortfolioItem(contract=Future(conId=770561189, symbol='M2K', lastTradeDateOrContractMonth='20260618', right='0', multiplier='5', primaryExchange='CME', currency='USD', localSymbol='M2KM6', tradingClass='M2K'), position=1.0, marketPrice=2926.60595705, marketValue=14633.03, averageCost=14645.62, unrealizedPNL=-12.59, realizedPNL=-19.24, account='DUQ426424')
2026-05-27 18:15:02,113 INFO ib_async.wrapper: updatePortfolio: PortfolioItem(contract=Future(conId=770561189, symbol='M2K', lastTradeDateOrContractMonth='20260618', right='0', multiplier='5', primaryExchange='CME', currency='USD', localSymbol='M2KM6', tradingClass='M2K'), position=1.0, marketPrice=2926.34716795, marketValue=14631.74, averageCost=14645.62, unrealizedPNL=-13.88, realizedPNL=-19.24, account='DUQ426424')
2026-05-27 18:18:02,014 INFO ib_async.wrapper: updatePortfolio: PortfolioItem(contract=Future(conId=770561189, symbol='M2K', lastTradeDateOrContractMonth='20260618', right='0', multiplier='5', primaryExchange='CME', currency='USD', localSymbol='M2KM6', tradingClass='M2K'), position=1.0, marketPrice=2928.1816406, marketValue=14640.91, averageCost=14645.62, unrealizedPNL=-4.71, realizedPNL=-19.24, account='DUQ426424')
2026-05-27 18:21:02,038 INFO ib_async.wrapper: updatePortfolio: PortfolioItem(contract=Future(conId=770561189, symbol='M2K', lastTradeDateOrContractMonth='20260618', right='0', multiplier='5', primaryExchange='CME', currency='USD', localSymbol='M2KM6', tradingClass='M2K'), position=1.0, marketPrice=2926.5, marketValue=14632.5, averageCost=14645.62, unrealizedPNL=-13.12, realizedPNL=-19.24, account='DUQ426424')
2026-05-27 18:24:02,076 INFO ib_async.wrapper: updatePortfolio: PortfolioItem(contract=Future(conId=770561189, symbol='M2K', lastTradeDateOrContractMonth='20260618', right='0', multiplier='5', primaryExchange='CME', currency='USD', localSymbol='M2KM6', tradingClass='M2K'), position=1.0, marketPrice=2924.29174805, marketValue=14621.46, averageCost=14645.62, unrealizedPNL=-24.16, realizedPNL=-19.24, account='DUQ426424')
2026-05-27 18:27:02,099 INFO ib_async.wrapper: updatePortfolio: PortfolioItem(contract=Future(conId=770561189, symbol='M2K', lastTradeDateOrContractMonth='20260618', right='0', multiplier='5', primaryExchange='CME', currency='USD', localSymbol='M2KM6', tradingClass='M2K'), position=1.0, marketPrice=2924.23950195, marketValue=14621.2, averageCost=14645.62, unrealizedPNL=-24.42, realizedPNL=-19.24, account='DUQ426424')
2026-05-27 18:30:02,122 INFO ib_async.wrapper: updatePortfolio: PortfolioItem(contract=Future(conId=770561189, symbol='M2K', lastTradeDateOrContractMonth='20260618', right='0', multiplier='5', primaryExchange='CME', currency='USD', localSymbol='M2KM6', tradingClass='M2K'), position=1.0, marketPrice=2924.39990235, marketValue=14622.0, averageCost=14645.62, unrealizedPNL=-23.62, realizedPNL=-19.24, account='DUQ426424')
2026-05-27 18:33:02,028 INFO ib_async.wrapper: updatePortfolio: PortfolioItem(contract=Future(conId=770561189, symbol='M2K', lastTradeDateOrContractMonth='20260618', right='0', multiplier='5', primaryExchange='CME', currency='USD', localSymbol='M2KM6', tradingClass='M2K'), position=1.0, marketPrice=2923.41625975, marketValue=14617.08, averageCost=14645.62, unrealizedPNL=-28.54, realizedPNL=-19.24, account='DUQ426424')
2026-05-27 18:36:02,073 INFO ib_async.wrapper: updatePortfolio: PortfolioItem(contract=Future(conId=770561189, symbol='M2K', lastTradeDateOrContractMonth='20260618', right='0', multiplier='5', primaryExchange='CME', currency='USD', localSymbol='M2KM6', tradingClass='M2K'), position=1.0, marketPrice=2922.44970705, marketValue=14612.25, averageCost=14645.62, unrealizedPNL=-33.37, realizedPNL=-19.24, account='DUQ426424')
2026-05-27 18:39:02,086 INFO ib_async.wrapper: updatePortfolio: PortfolioItem(contract=Future(conId=770561189, symbol='M2K', lastTradeDateOrContractMonth='20260618', right='0', multiplier='5', primaryExchange='CME', currency='USD', localSymbol='M2KM6', tradingClass='M2K'), position=1.0, marketPrice=2921.7885742, marketValue=14608.94, averageCost=14645.62, unrealizedPNL=-36.68, realizedPNL=-19.24, account='DUQ426424')
2026-05-27 18:42:02,102 INFO ib_async.wrapper: updatePortfolio: PortfolioItem(contract=Future(conId=770561189, symbol='M2K', lastTradeDateOrContractMonth='20260618', right='0', multiplier='5', primaryExchange='CME', currency='USD', localSymbol='M2KM6', tradingClass='M2K'), position=1.0, marketPrice=2922.0600586, marketValue=14610.3, averageCost=14645.62, unrealizedPNL=-35.32, realizedPNL=-19.24, account='DUQ426424')
2026-05-27 18:45:02,040 INFO ib_async.wrapper: updatePortfolio: PortfolioItem(contract=Future(conId=770561189, symbol='M2K', lastTradeDateOrContractMonth='20260618', right='0', multiplier='5', primaryExchange='CME', currency='USD', localSymbol='M2KM6', tradingClass='M2K'), position=1.0, marketPrice=2922.5288086, marketValue=14612.64, averageCost=14645.62, unrealizedPNL=-32.98, realizedPNL=-19.24, account='DUQ426424')
2026-05-27 18:48:02,145 INFO ib_async.wrapper: updatePortfolio: PortfolioItem(contract=Future(conId=770561189, symbol='M2K', lastTradeDateOrContractMonth='20260618', right='0', multiplier='5', primaryExchange='CME', currency='USD', localSymbol='M2KM6', tradingClass='M2K'), position=1.0, marketPrice=2921.37963865, marketValue=14606.9, averageCost=14645.62, unrealizedPNL=-38.72, realizedPNL=-19.24, account='DUQ426424')
2026-05-27 18:51:02,075 INFO ib_async.wrapper: updatePortfolio: PortfolioItem(contract=Future(conId=770561189, symbol='M2K', lastTradeDateOrContractMonth='20260618', right='0', multiplier='5', primaryExchange='CME', currency='USD', localSymbol='M2KM6', tradingClass='M2K'), position=1.0, marketPrice=2920.6599121, marketValue=14603.3, averageCost=14645.62, unrealizedPNL=-42.32, realizedPNL=-19.24, account='DUQ426424')
2026-05-27 18:54:02,093 INFO ib_async.wrapper: updatePortfolio: PortfolioItem(contract=Future(conId=770561189, symbol='M2K', lastTradeDateOrContractMonth='20260618', right='0', multiplier='5', primaryExchange='CME', currency='USD', localSymbol='M2KM6', tradingClass='M2K'), position=1.0, marketPrice=2920.1669922, marketValue=14600.83, averageCost=14645.62, unrealizedPNL=-44.79, realizedPNL=-19.24, account='DUQ426424')
2026-05-27 18:57:02,081 INFO ib_async.wrapper: updatePortfolio: PortfolioItem(contract=Future(conId=770561189, symbol='M2K', lastTradeDateOrContractMonth='20260618', right='0', multiplier='5', primaryExchange='CME', currency='USD', localSymbol='M2KM6', tradingClass='M2K'), position=1.0, marketPrice=2922.4580078, marketValue=14612.29, averageCost=14645.62, unrealizedPNL=-33.33, realizedPNL=-19.24, account='DUQ426424')
2026-05-27 19:00:01,908 INFO ib_async.wrapper: updatePortfolio: PortfolioItem(contract=Future(conId=770561189, symbol='M2K', lastTradeDateOrContractMonth='20260618', right='0', multiplier='5', primaryExchange='CME', currency='USD', localSymbol='M2KM6', tradingClass='M2K'), position=1.0, marketPrice=2920.39990235, marketValue=14602.0, averageCost=14645.62, unrealizedPNL=-43.62, realizedPNL=-19.24, account='DUQ426424')
2026-05-27 19:03:02,020 INFO ib_async.wrapper: updatePortfolio: PortfolioItem(contract=Future(conId=770561189, symbol='M2K', lastTradeDateOrContractMonth='20260618', right='0', multiplier='5', primaryExchange='CME', currency='USD', localSymbol='M2KM6', tradingClass='M2K'), position=1.0, marketPrice=2921.796875, marketValue=14608.98, averageCost=14645.62, unrealizedPNL=-36.64, realizedPNL=-19.24, account='DUQ426424')
2026-05-27 19:06:01,938 INFO ib_async.wrapper: updatePortfolio: PortfolioItem(contract=Future(conId=770561189, symbol='M2K', lastTradeDateOrContractMonth='20260618', right='0', multiplier='5', primaryExchange='CME', currency='USD', localSymbol='M2KM6', tradingClass='M2K'), position=1.0, marketPrice=2921.12646485, marketValue=14605.63, averageCost=14645.62, unrealizedPNL=-39.99, realizedPNL=-19.24, account='DUQ426424')
2026-05-27 19:09:01,969 INFO ib_async.wrapper: updatePortfolio: PortfolioItem(contract=Future(conId=770561189, symbol='M2K', lastTradeDateOrContractMonth='20260618', right='0', multiplier='5', primaryExchange='CME', currency='USD', localSymbol='M2KM6', tradingClass='M2K'), position=1.0, marketPrice=2918.7636719, marketValue=14593.82, averageCost=14645.62, unrealizedPNL=-51.8, realizedPNL=-19.24, account='DUQ426424')
2026-05-27 19:12:01,976 INFO ib_async.wrapper: updatePortfolio: PortfolioItem(contract=Future(conId=770561189, symbol='M2K', lastTradeDateOrContractMonth='20260618', right='0', multiplier='5', primaryExchange='CME', currency='USD', localSymbol='M2KM6', tradingClass='M2K'), position=1.0, marketPrice=2918.53881835, marketValue=14592.69, averageCost=14645.62, unrealizedPNL=-52.93, realizedPNL=-19.24, account='DUQ426424')
2026-05-27 19:15:02,011 INFO ib_async.wrapper: updatePortfolio: PortfolioItem(contract=Future(conId=770561189, symbol='M2K', lastTradeDateOrContractMonth='20260618', right='0', multiplier='5', primaryExchange='CME', currency='USD', localSymbol='M2KM6', tradingClass='M2K'), position=1.0, marketPrice=2918.76000975, marketValue=14593.8, averageCost=14645.62, unrealizedPNL=-51.82, realizedPNL=-19.24, account='DUQ426424')
2026-05-27 19:18:01,996 INFO ib_async.wrapper: updatePortfolio: PortfolioItem(contract=Future(conId=770561189, symbol='M2K', lastTradeDateOrContractMonth='20260618', right='0', multiplier='5', primaryExchange='CME', currency='USD', localSymbol='M2KM6', tradingClass='M2K'), position=1.0, marketPrice=2921.9140625, marketValue=14609.57, averageCost=14645.62, unrealizedPNL=-36.05, realizedPNL=-19.24, account='DUQ426424')
2026-05-27 19:21:01,941 INFO ib_async.wrapper: updatePortfolio: PortfolioItem(contract=Future(conId=770561189, symbol='M2K', lastTradeDateOrContractMonth='20260618', right='0', multiplier='5', primaryExchange='CME', currency='USD', localSymbol='M2KM6', tradingClass='M2K'), position=1.0, marketPrice=2922.6779785, marketValue=14613.39, averageCost=14645.62, unrealizedPNL=-32.23, realizedPNL=-19.24, account='DUQ426424')
2026-05-27 19:24:01,963 INFO ib_async.wrapper: updatePortfolio: PortfolioItem(contract=Future(conId=770561189, symbol='M2K', lastTradeDateOrContractMonth='20260618', right='0', multiplier='5', primaryExchange='CME', currency='USD', localSymbol='M2KM6', tradingClass='M2K'), position=1.0, marketPrice=2923.9199219, marketValue=14619.6, averageCost=14645.62, unrealizedPNL=-26.02, realizedPNL=-19.24, account='DUQ426424')
2026-05-27 19:27:01,978 INFO ib_async.wrapper: updatePortfolio: PortfolioItem(contract=Future(conId=770561189, symbol='M2K', lastTradeDateOrContractMonth='20260618', right='0', multiplier='5', primaryExchange='CME', currency='USD', localSymbol='M2KM6', tradingClass='M2K'), position=1.0, marketPrice=2923.19995115, marketValue=14616.0, averageCost=14645.62, unrealizedPNL=-29.62, realizedPNL=-19.24, account='DUQ426424')
2026-05-27 19:30:03,707 INFO ib_async.wrapper: updatePortfolio: PortfolioItem(contract=Future(conId=770561189, symbol='M2K', lastTradeDateOrContractMonth='20260618', right='0', multiplier='5', primaryExchange='CME', currency='USD', localSymbol='M2KM6', tradingClass='M2K'), position=1.0, marketPrice=2923.029541, marketValue=14615.15, averageCost=14645.62, unrealizedPNL=-30.47, realizedPNL=-19.24, account='DUQ426424')
2026-05-27 19:33:05,724 INFO ib_async.wrapper: updatePortfolio: PortfolioItem(contract=Future(conId=770561189, symbol='M2K', lastTradeDateOrContractMonth='20260618', right='0', multiplier='5', primaryExchange='CME', currency='USD', localSymbol='M2KM6', tradingClass='M2K'), position=1.0, marketPrice=2922.42285155, marketValue=14612.11, averageCost=14645.62, unrealizedPNL=-33.51, realizedPNL=-19.24, account='DUQ426424')
2026-05-27 19:36:05,733 INFO ib_async.wrapper: updatePortfolio: PortfolioItem(contract=Future(conId=770561189, symbol='M2K', lastTradeDateOrContractMonth='20260618', right='0', multiplier='5', primaryExchange='CME', currency='USD', localSymbol='M2KM6', tradingClass='M2K'), position=1.0, marketPrice=2921.89990235, marketValue=14609.5, averageCost=14645.62, unrealizedPNL=-36.12, realizedPNL=-19.24, account='DUQ426424')
2026-05-27 19:39:05,732 INFO ib_async.wrapper: updatePortfolio: PortfolioItem(contract=Future(conId=770561189, symbol='M2K', lastTradeDateOrContractMonth='20260618', right='0', multiplier='5', primaryExchange='CME', currency='USD', localSymbol='M2KM6', tradingClass='M2K'), position=1.0, marketPrice=2921.8598633, marketValue=14609.3, averageCost=14645.62, unrealizedPNL=-36.32, realizedPNL=-19.24, account='DUQ426424')
2026-05-27 19:42:05,736 INFO ib_async.wrapper: updatePortfolio: PortfolioItem(contract=Future(conId=770561189, symbol='M2K', lastTradeDateOrContractMonth='20260618', right='0', multiplier='5', primaryExchange='CME', currency='USD', localSymbol='M2KM6', tradingClass='M2K'), position=1.0, marketPrice=2922.76000975, marketValue=14613.8, averageCost=14645.62, unrealizedPNL=-31.82, realizedPNL=-19.24, account='DUQ426424')
2026-05-27 19:45:05,755 INFO ib_async.wrapper: updatePortfolio: PortfolioItem(contract=Future(conId=770561189, symbol='M2K', lastTradeDateOrContractMonth='20260618', right='0', multiplier='5', primaryExchange='CME', currency='USD', localSymbol='M2KM6', tradingClass='M2K'), position=1.0, marketPrice=2923.0708008, marketValue=14615.35, averageCost=14645.62, unrealizedPNL=-30.27, realizedPNL=-19.24, account='DUQ426424')
2026-05-27 19:48:05,756 INFO ib_async.wrapper: updatePortfolio: PortfolioItem(contract=Future(conId=770561189, symbol='M2K', lastTradeDateOrContractMonth='20260618', right='0', multiplier='5', primaryExchange='CME', currency='USD', localSymbol='M2KM6', tradingClass='M2K'), position=1.0, marketPrice=2923.857666, marketValue=14619.29, averageCost=14645.62, unrealizedPNL=-26.33, realizedPNL=-19.24, account='DUQ426424')
2026-05-27 19:51:05,870 INFO ib_async.wrapper: updatePortfolio: PortfolioItem(contract=Future(conId=770561189, symbol='M2K', lastTradeDateOrContractMonth='20260618', right='0', multiplier='5', primaryExchange='CME', currency='USD', localSymbol='M2KM6', tradingClass='M2K'), position=1.0, marketPrice=2923.76000975, marketValue=14618.8, averageCost=14645.62, unrealizedPNL=-26.82, realizedPNL=-19.24, account='DUQ426424')
2026-05-27 19:54:05,785 INFO ib_async.wrapper: updatePortfolio: PortfolioItem(contract=Future(conId=770561189, symbol='M2K', lastTradeDateOrContractMonth='20260618', right='0', multiplier='5', primaryExchange='CME', currency='USD', localSymbol='M2KM6', tradingClass='M2K'), position=1.0, marketPrice=2924.6599121, marketValue=14623.3, averageCost=14645.62, unrealizedPNL=-22.32, realizedPNL=-19.24, account='DUQ426424')
2026-05-27 19:57:05,760 INFO ib_async.wrapper: updatePortfolio: PortfolioItem(contract=Future(conId=770561189, symbol='M2K', lastTradeDateOrContractMonth='20260618', right='0', multiplier='5', primaryExchange='CME', currency='USD', localSymbol='M2KM6', tradingClass='M2K'), position=1.0, marketPrice=2925.63305665, marketValue=14628.17, averageCost=14645.62, unrealizedPNL=-17.45, realizedPNL=-19.24, account='DUQ426424')
2026-05-27 20:00:05,819 INFO ib_async.wrapper: updatePortfolio: PortfolioItem(contract=Future(conId=770561189, symbol='M2K', lastTradeDateOrContractMonth='20260618', right='0', multiplier='5', primaryExchange='CME', currency='USD', localSymbol='M2KM6', tradingClass='M2K'), position=1.0, marketPrice=2927.89990235, marketValue=14639.5, averageCost=14645.62, unrealizedPNL=-6.12, realizedPNL=-19.24, account='DUQ426424')
2026-05-27 20:03:05,774 INFO ib_async.wrapper: updatePortfolio: PortfolioItem(contract=Future(conId=770561189, symbol='M2K', lastTradeDateOrContractMonth='20260618', right='0', multiplier='5', primaryExchange='CME', currency='USD', localSymbol='M2KM6', tradingClass='M2K'), position=1.0, marketPrice=2926.1184082, marketValue=14630.59, averageCost=14645.62, unrealizedPNL=-15.03, realizedPNL=-19.24, account='DUQ426424')
2026-05-27 20:06:05,870 INFO ib_async.wrapper: updatePortfolio: PortfolioItem(contract=Future(conId=770561189, symbol='M2K', lastTradeDateOrContractMonth='20260618', right='0', multiplier='5', primaryExchange='CME', currency='USD', localSymbol='M2KM6', tradingClass='M2K'), position=1.0, marketPrice=2925.8400879, marketValue=14629.2, averageCost=14645.62, unrealizedPNL=-16.42, realizedPNL=-19.24, account='DUQ426424')
2026-05-27 20:09:05,792 INFO ib_async.wrapper: updatePortfolio: PortfolioItem(contract=Future(conId=770561189, symbol='M2K', lastTradeDateOrContractMonth='20260618', right='0', multiplier='5', primaryExchange='CME', currency='USD', localSymbol='M2KM6', tradingClass='M2K'), position=1.0, marketPrice=2926.30004885, marketValue=14631.5, averageCost=14645.62, unrealizedPNL=-14.12, realizedPNL=-19.24, account='DUQ426424')
2026-05-27 20:12:05,804 INFO ib_async.wrapper: updatePortfolio: PortfolioItem(contract=Future(conId=770561189, symbol='M2K', lastTradeDateOrContractMonth='20260618', right='0', multiplier='5', primaryExchange='CME', currency='USD', localSymbol='M2KM6', tradingClass='M2K'), position=1.0, marketPrice=2927.0, marketValue=14635.0, averageCost=14645.62, unrealizedPNL=-10.62, realizedPNL=-19.24, account='DUQ426424')
2026-05-27 20:15:05,771 INFO ib_async.wrapper: updatePortfolio: PortfolioItem(contract=Future(conId=770561189, symbol='M2K', lastTradeDateOrContractMonth='20260618', right='0', multiplier='5', primaryExchange='CME', currency='USD', localSymbol='M2KM6', tradingClass='M2K'), position=1.0, marketPrice=2927.1665039, marketValue=14635.83, averageCost=14645.62, unrealizedPNL=-9.79, realizedPNL=-19.24, account='DUQ426424')
2026-05-27 20:18:05,849 INFO ib_async.wrapper: updatePortfolio: PortfolioItem(contract=Future(conId=770561189, symbol='M2K', lastTradeDateOrContractMonth='20260618', right='0', multiplier='5', primaryExchange='CME', currency='USD', localSymbol='M2KM6', tradingClass='M2K'), position=1.0, marketPrice=2926.1401367, marketValue=14630.7, averageCost=14645.62, unrealizedPNL=-14.92, realizedPNL=-19.24, account='DUQ426424')
2026-05-27 20:21:05,875 INFO ib_async.wrapper: updatePortfolio: PortfolioItem(contract=Future(conId=770561189, symbol='M2K', lastTradeDateOrContractMonth='20260618', right='0', multiplier='5', primaryExchange='CME', currency='USD', localSymbol='M2KM6', tradingClass='M2K'), position=1.0, marketPrice=2925.73999025, marketValue=14628.7, averageCost=14645.62, unrealizedPNL=-16.92, realizedPNL=-19.24, account='DUQ426424')
2026-05-27 20:24:05,784 INFO ib_async.wrapper: updatePortfolio: PortfolioItem(contract=Future(conId=770561189, symbol='M2K', lastTradeDateOrContractMonth='20260618', right='0', multiplier='5', primaryExchange='CME', currency='USD', localSymbol='M2KM6', tradingClass='M2K'), position=1.0, marketPrice=2926.9436035, marketValue=14634.72, averageCost=14645.62, unrealizedPNL=-10.9, realizedPNL=-19.24, account='DUQ426424')
2026-05-27 20:27:05,783 INFO ib_async.wrapper: updatePortfolio: PortfolioItem(contract=Future(conId=770561189, symbol='M2K', lastTradeDateOrContractMonth='20260618', right='0', multiplier='5', primaryExchange='CME', currency='USD', localSymbol='M2KM6', tradingClass='M2K'), position=1.0, marketPrice=2925.04003905, marketValue=14625.2, averageCost=14645.62, unrealizedPNL=-20.42, realizedPNL=-19.24, account='DUQ426424')
2026-05-27 20:30:05,828 INFO ib_async.wrapper: updatePortfolio: PortfolioItem(contract=Future(conId=770561189, symbol='M2K', lastTradeDateOrContractMonth='20260618', right='0', multiplier='5', primaryExchange='CME', currency='USD', localSymbol='M2KM6', tradingClass='M2K'), position=1.0, marketPrice=2926.30004885, marketValue=14631.5, averageCost=14645.62, unrealizedPNL=-14.12, realizedPNL=-19.24, account='DUQ426424')
2026-05-27 20:33:05,776 INFO ib_async.wrapper: updatePortfolio: PortfolioItem(contract=Future(conId=770561189, symbol='M2K', lastTradeDateOrContractMonth='20260618', right='0', multiplier='5', primaryExchange='CME', currency='USD', localSymbol='M2KM6', tradingClass='M2K'), position=1.0, marketPrice=2926.6599121, marketValue=14633.3, averageCost=14645.62, unrealizedPNL=-12.32, realizedPNL=-19.24, account='DUQ426424')
2026-05-27 20:36:05,841 INFO ib_async.wrapper: updatePortfolio: PortfolioItem(contract=Future(conId=770561189, symbol='M2K', lastTradeDateOrContractMonth='20260618', right='0', multiplier='5', primaryExchange='CME', currency='USD', localSymbol='M2KM6', tradingClass='M2K'), position=1.0, marketPrice=2925.8598633, marketValue=14629.3, averageCost=14645.62, unrealizedPNL=-16.32, realizedPNL=-19.24, account='DUQ426424')
2026-05-27 20:39:05,862 INFO ib_async.wrapper: updatePortfolio: PortfolioItem(contract=Future(conId=770561189, symbol='M2K', lastTradeDateOrContractMonth='20260618', right='0', multiplier='5', primaryExchange='CME', currency='USD', localSymbol='M2KM6', tradingClass='M2K'), position=1.0, marketPrice=2926.77075195, marketValue=14633.85, averageCost=14645.62, unrealizedPNL=-11.77, realizedPNL=-19.24, account='DUQ426424')
2026-05-27 20:41:24,426 INFO ib_async.wrapper: updatePortfolio: PortfolioItem(contract=Future(conId=770561189, symbol='M2K', lastTradeDateOrContractMonth='20260618', right='0', multiplier='5', primaryExchange='CME', currency='USD', localSymbol='M2KM6', tradingClass='M2K'), position=1.0, marketPrice=2925.0600586, marketValue=14625.3, averageCost=14645.62, unrealizedPNL=-20.32, realizedPNL=0.0, account='DUQ426424')
2026-05-27 20:44:25,194 INFO ib_async.wrapper: updatePortfolio: PortfolioItem(contract=Future(conId=770561189, symbol='M2K', lastTradeDateOrContractMonth='20260618', right='0', multiplier='5', primaryExchange='CME', currency='USD', localSymbol='M2KM6', tradingClass='M2K'), position=1.0, marketPrice=2925.39990235, marketValue=14627.0, averageCost=14645.62, unrealizedPNL=-18.62, realizedPNL=0.0, account='DUQ426424')
2026-05-27 20:47:25,189 INFO ib_async.wrapper: updatePortfolio: PortfolioItem(contract=Future(conId=770561189, symbol='M2K', lastTradeDateOrContractMonth='20260618', right='0', multiplier='5', primaryExchange='CME', currency='USD', localSymbol='M2KM6', tradingClass='M2K'), position=1.0, marketPrice=2924.3691406, marketValue=14621.85, averageCost=14645.62, unrealizedPNL=-23.77, realizedPNL=0.0, account='DUQ426424')
2026-05-27 20:50:25,186 INFO ib_async.wrapper: updatePortfolio: PortfolioItem(contract=Future(conId=770561189, symbol='M2K', lastTradeDateOrContractMonth='20260618', right='0', multiplier='5', primaryExchange='CME', currency='USD', localSymbol='M2KM6', tradingClass='M2K'), position=1.0, marketPrice=2925.39990235, marketValue=14627.0, averageCost=14645.62, unrealizedPNL=-18.62, realizedPNL=0.0, account='DUQ426424')
2026-05-27 20:53:25,189 INFO ib_async.wrapper: updatePortfolio: PortfolioItem(contract=Future(conId=770561189, symbol='M2K', lastTradeDateOrContractMonth='20260618', right='0', multiplier='5', primaryExchange='CME', currency='USD', localSymbol='M2KM6', tradingClass='M2K'), position=1.0, marketPrice=2926.2854004, marketValue=14631.43, averageCost=14645.62, unrealizedPNL=-14.19, realizedPNL=0.0, account='DUQ426424')
2026-05-27 20:56:25,186 INFO ib_async.wrapper: updatePortfolio: PortfolioItem(contract=Future(conId=770561189, symbol='M2K', lastTradeDateOrContractMonth='20260618', right='0', multiplier='5', primaryExchange='CME', currency='USD', localSymbol='M2KM6', tradingClass='M2K'), position=1.0, marketPrice=2926.6621094, marketValue=14633.31, averageCost=14645.62, unrealizedPNL=-12.31, realizedPNL=0.0, account='DUQ426424')
2026-05-27 20:59:25,220 INFO ib_async.wrapper: updatePortfolio: PortfolioItem(contract=Future(conId=770561189, symbol='M2K', lastTradeDateOrContractMonth='20260618', right='0', multiplier='5', primaryExchange='CME', currency='USD', localSymbol='M2KM6', tradingClass='M2K'), position=1.0, marketPrice=2927.73999025, marketValue=14638.7, averageCost=14645.62, unrealizedPNL=-6.92, realizedPNL=0.0, account='DUQ426424')
2026-05-27 21:03:12,846 INFO ib_async.wrapper: updatePortfolio: PortfolioItem(contract=Future(conId=770561189, symbol='M2K', lastTradeDateOrContractMonth='20260618', right='0', multiplier='5', primaryExchange='CME', currency='USD', localSymbol='M2KM6', tradingClass='M2K'), position=1.0, marketPrice=2924.6086426, marketValue=14623.04, averageCost=14645.62, unrealizedPNL=-22.58, realizedPNL=0.0, account='DUQ426424')
2026-05-27 21:06:12,983 INFO ib_async.wrapper: updatePortfolio: PortfolioItem(contract=Future(conId=770561189, symbol='M2K', lastTradeDateOrContractMonth='20260618', right='0', multiplier='5', primaryExchange='CME', currency='USD', localSymbol='M2KM6', tradingClass='M2K'), position=1.0, marketPrice=2924.5600586, marketValue=14622.8, averageCost=14645.62, unrealizedPNL=-22.82, realizedPNL=0.0, account='DUQ426424')
2026-05-27 21:09:13,076 INFO ib_async.wrapper: updatePortfolio: PortfolioItem(contract=Future(conId=770561189, symbol='M2K', lastTradeDateOrContractMonth='20260618', right='0', multiplier='5', primaryExchange='CME', currency='USD', localSymbol='M2KM6', tradingClass='M2K'), position=1.0, marketPrice=2924.0, marketValue=14620.0, averageCost=14645.62, unrealizedPNL=-25.62, realizedPNL=0.0, account='DUQ426424')
2026-05-27 21:12:13,285 INFO ib_async.wrapper: updatePortfolio: PortfolioItem(contract=Future(conId=770561189, symbol='M2K', lastTradeDateOrContractMonth='20260618', right='0', multiplier='5', primaryExchange='CME', currency='USD', localSymbol='M2KM6', tradingClass='M2K'), position=1.0, marketPrice=2923.4135742, marketValue=14617.07, averageCost=14645.62, unrealizedPNL=-28.55, realizedPNL=0.0, account='DUQ426424')
2026-05-27 21:15:13,324 INFO ib_async.wrapper: updatePortfolio: PortfolioItem(contract=Future(conId=770561189, symbol='M2K', lastTradeDateOrContractMonth='20260618', right='0', multiplier='5', primaryExchange='CME', currency='USD', localSymbol='M2KM6', tradingClass='M2K'), position=1.0, marketPrice=2923.76000975, marketValue=14618.8, averageCost=14645.62, unrealizedPNL=-26.82, realizedPNL=0.0, account='DUQ426424')
2026-05-27 21:18:13,281 INFO ib_async.wrapper: updatePortfolio: PortfolioItem(contract=Future(conId=770561189, symbol='M2K', lastTradeDateOrContractMonth='20260618', right='0', multiplier='5', primaryExchange='CME', currency='USD', localSymbol='M2KM6', tradingClass='M2K'), position=1.0, marketPrice=2922.9572754, marketValue=14614.79, averageCost=14645.62, unrealizedPNL=-30.83, realizedPNL=0.0, account='DUQ426424')
2026-05-27 21:21:13,521 INFO ib_async.wrapper: updatePortfolio: PortfolioItem(contract=Future(conId=770561189, symbol='M2K', lastTradeDateOrContractMonth='20260618', right='0', multiplier='5', primaryExchange='CME', currency='USD', localSymbol='M2KM6', tradingClass='M2K'), position=1.0, marketPrice=2922.6230469, marketValue=14613.12, averageCost=14645.62, unrealizedPNL=-32.5, realizedPNL=0.0, account='DUQ426424')
2026-05-27 21:23:09,158 INFO ib_async.wrapper: updatePortfolio: PortfolioItem(contract=Future(conId=770561189, symbol='M2K', lastTradeDateOrContractMonth='20260618', right='0', multiplier='5', primaryExchange='CME', currency='USD', localSymbol='M2KM6', tradingClass='M2K'), position=1.0, marketPrice=2922.5, marketValue=14612.5, averageCost=14645.62, unrealizedPNL=-33.12, realizedPNL=0.0, account='DUQ426424')
2026-05-27 21:26:09,616 INFO ib_async.wrapper: updatePortfolio: PortfolioItem(contract=Future(conId=770561189, symbol='M2K', lastTradeDateOrContractMonth='20260618', right='0', multiplier='5', primaryExchange='CME', currency='USD', localSymbol='M2KM6', tradingClass='M2K'), position=1.0, marketPrice=2922.8598633, marketValue=14614.3, averageCost=14645.62, unrealizedPNL=-31.32, realizedPNL=0.0, account='DUQ426424')
2026-05-27 21:29:09,618 INFO ib_async.wrapper: updatePortfolio: PortfolioItem(contract=Future(conId=770561189, symbol='M2K', lastTradeDateOrContractMonth='20260618', right='0', multiplier='5', primaryExchange='CME', currency='USD', localSymbol='M2KM6', tradingClass='M2K'), position=1.0, marketPrice=2921.35595705, marketValue=14606.78, averageCost=14645.62, unrealizedPNL=-38.84, realizedPNL=0.0, account='DUQ426424')
2026-05-27 21:32:09,742 INFO ib_async.wrapper: updatePortfolio: PortfolioItem(contract=Future(conId=770561189, symbol='M2K', lastTradeDateOrContractMonth='20260618', right='0', multiplier='5', primaryExchange='CME', currency='USD', localSymbol='M2KM6', tradingClass='M2K'), position=1.0, marketPrice=2920.4291992, marketValue=14602.15, averageCost=14645.62, unrealizedPNL=-43.47, realizedPNL=0.0, account='DUQ426424')
2026-05-27 21:35:09,620 INFO ib_async.wrapper: updatePortfolio: PortfolioItem(contract=Future(conId=770561189, symbol='M2K', lastTradeDateOrContractMonth='20260618', right='0', multiplier='5', primaryExchange='CME', currency='USD', localSymbol='M2KM6', tradingClass='M2K'), position=1.0, marketPrice=2921.35791015, marketValue=14606.79, averageCost=14645.62, unrealizedPNL=-38.83, realizedPNL=0.0, account='DUQ426424')
2026-05-27 21:38:18,600 INFO ib_async.wrapper: updatePortfolio: PortfolioItem(contract=Future(conId=770561189, symbol='M2K', lastTradeDateOrContractMonth='20260618', right='0', multiplier='5', primaryExchange='CME', currency='USD', localSymbol='M2KM6', tradingClass='M2K'), position=1.0, marketPrice=2920.1599121, marketValue=14600.8, averageCost=14645.62, unrealizedPNL=-44.82, realizedPNL=0.0, account='DUQ426424')
2026-05-27 21:41:19,134 INFO ib_async.wrapper: updatePortfolio: PortfolioItem(contract=Future(conId=770561189, symbol='M2K', lastTradeDateOrContractMonth='20260618', right='0', multiplier='5', primaryExchange='CME', currency='USD', localSymbol='M2KM6', tradingClass='M2K'), position=1.0, marketPrice=2918.95996095, marketValue=14594.8, averageCost=14645.62, unrealizedPNL=-50.82, realizedPNL=0.0, account='DUQ426424')
2026-05-27 21:44:19,178 INFO ib_async.wrapper: updatePortfolio: PortfolioItem(contract=Future(conId=770561189, symbol='M2K', lastTradeDateOrContractMonth='20260618', right='0', multiplier='5', primaryExchange='CME', currency='USD', localSymbol='M2KM6', tradingClass='M2K'), position=1.0, marketPrice=2918.7741699, marketValue=14593.87, averageCost=14645.62, unrealizedPNL=-51.75, realizedPNL=0.0, account='DUQ426424')
2026-05-27 21:47:19,193 INFO ib_async.wrapper: updatePortfolio: PortfolioItem(contract=Future(conId=770561189, symbol='M2K', lastTradeDateOrContractMonth='20260618', right='0', multiplier='5', primaryExchange='CME', currency='USD', localSymbol='M2KM6', tradingClass='M2K'), position=1.0, marketPrice=2919.07177735, marketValue=14595.36, averageCost=14645.62, unrealizedPNL=-50.26, realizedPNL=0.0, account='DUQ426424')
2026-05-27 21:50:19,141 INFO ib_async.wrapper: updatePortfolio: PortfolioItem(contract=Future(conId=770561189, symbol='M2K', lastTradeDateOrContractMonth='20260618', right='0', multiplier='5', primaryExchange='CME', currency='USD', localSymbol='M2KM6', tradingClass='M2K'), position=1.0, marketPrice=2919.89990235, marketValue=14599.5, averageCost=14645.62, unrealizedPNL=-46.12, realizedPNL=0.0, account='DUQ426424')
2026-05-27 21:53:19,145 INFO ib_async.wrapper: updatePortfolio: PortfolioItem(contract=Future(conId=770561189, symbol='M2K', lastTradeDateOrContractMonth='20260618', right='0', multiplier='5', primaryExchange='CME', currency='USD', localSymbol='M2KM6', tradingClass='M2K'), position=1.0, marketPrice=2919.6599121, marketValue=14598.3, averageCost=14645.62, unrealizedPNL=-47.32, realizedPNL=0.0, account='DUQ426424')
2026-05-27 21:56:19,145 INFO ib_async.wrapper: updatePortfolio: PortfolioItem(contract=Future(conId=770561189, symbol='M2K', lastTradeDateOrContractMonth='20260618', right='0', multiplier='5', primaryExchange='CME', currency='USD', localSymbol='M2KM6', tradingClass='M2K'), position=1.0, marketPrice=2920.1401367, marketValue=14600.7, averageCost=14645.62, unrealizedPNL=-44.92, realizedPNL=0.0, account='DUQ426424')
2026-05-27 21:59:19,193 INFO ib_async.wrapper: updatePortfolio: PortfolioItem(contract=Future(conId=770561189, symbol='M2K', lastTradeDateOrContractMonth='20260618', right='0', multiplier='5', primaryExchange='CME', currency='USD', localSymbol='M2KM6', tradingClass='M2K'), position=1.0, marketPrice=2918.80004885, marketValue=14594.0, averageCost=14645.62, unrealizedPNL=-51.62, realizedPNL=0.0, account='DUQ426424')
2026-05-27 22:02:19,328 INFO ib_async.wrapper: updatePortfolio: PortfolioItem(contract=Future(conId=770561189, symbol='M2K', lastTradeDateOrContractMonth='20260618', right='0', multiplier='5', primaryExchange='CME', currency='USD', localSymbol='M2KM6', tradingClass='M2K'), position=1.0, marketPrice=2919.28686525, marketValue=14596.43, averageCost=14645.62, unrealizedPNL=-49.19, realizedPNL=0.0, account='DUQ426424')
2026-05-27 22:05:19,241 INFO ib_async.wrapper: updatePortfolio: PortfolioItem(contract=Future(conId=770561189, symbol='M2K', lastTradeDateOrContractMonth='20260618', right='0', multiplier='5', primaryExchange='CME', currency='USD', localSymbol='M2KM6', tradingClass='M2K'), position=1.0, marketPrice=2919.04003905, marketValue=14595.2, averageCost=14645.62, unrealizedPNL=-50.42, realizedPNL=0.0, account='DUQ426424')
2026-05-27 22:08:19,264 INFO ib_async.wrapper: updatePortfolio: PortfolioItem(contract=Future(conId=770561189, symbol='M2K', lastTradeDateOrContractMonth='20260618', right='0', multiplier='5', primaryExchange='CME', currency='USD', localSymbol='M2KM6', tradingClass='M2K'), position=1.0, marketPrice=2919.10009765, marketValue=14595.5, averageCost=14645.62, unrealizedPNL=-50.12, realizedPNL=0.0, account='DUQ426424')
2026-05-27 22:11:19,293 INFO ib_async.wrapper: updatePortfolio: PortfolioItem(contract=Future(conId=770561189, symbol='M2K', lastTradeDateOrContractMonth='20260618', right='0', multiplier='5', primaryExchange='CME', currency='USD', localSymbol='M2KM6', tradingClass='M2K'), position=1.0, marketPrice=2916.30004885, marketValue=14581.5, averageCost=14645.62, unrealizedPNL=-64.12, realizedPNL=0.0, account='DUQ426424')
2026-05-27 22:14:19,195 INFO ib_async.wrapper: updatePortfolio: PortfolioItem(contract=Future(conId=770561189, symbol='M2K', lastTradeDateOrContractMonth='20260618', right='0', multiplier='5', primaryExchange='CME', currency='USD', localSymbol='M2KM6', tradingClass='M2K'), position=1.0, marketPrice=2917.30004885, marketValue=14586.5, averageCost=14645.62, unrealizedPNL=-59.12, realizedPNL=0.0, account='DUQ426424')
2026-05-27 22:17:19,212 INFO ib_async.wrapper: updatePortfolio: PortfolioItem(contract=Future(conId=770561189, symbol='M2K', lastTradeDateOrContractMonth='20260618', right='0', multiplier='5', primaryExchange='CME', currency='USD', localSymbol='M2KM6', tradingClass='M2K'), position=1.0, marketPrice=2917.69995115, marketValue=14588.5, averageCost=14645.62, unrealizedPNL=-57.12, realizedPNL=0.0, account='DUQ426424')
2026-05-27 22:20:19,214 INFO ib_async.wrapper: updatePortfolio: PortfolioItem(contract=Future(conId=770561189, symbol='M2K', lastTradeDateOrContractMonth='20260618', right='0', multiplier='5', primaryExchange='CME', currency='USD', localSymbol='M2KM6', tradingClass='M2K'), position=1.0, marketPrice=2914.89990235, marketValue=14574.5, averageCost=14645.62, unrealizedPNL=-71.12, realizedPNL=0.0, account='DUQ426424')
2026-05-27 22:23:20,317 INFO ib_async.wrapper: updatePortfolio: PortfolioItem(contract=Future(conId=770561189, symbol='M2K', lastTradeDateOrContractMonth='20260618', right='0', multiplier='5', primaryExchange='CME', currency='USD', localSymbol='M2KM6', tradingClass='M2K'), position=1.0, marketPrice=2914.5, marketValue=14572.5, averageCost=14645.62, unrealizedPNL=-73.12, realizedPNL=0.0, account='DUQ426424')
2026-05-27 22:26:19,226 INFO ib_async.wrapper: updatePortfolio: PortfolioItem(contract=Future(conId=770561189, symbol='M2K', lastTradeDateOrContractMonth='20260618', right='0', multiplier='5', primaryExchange='CME', currency='USD', localSymbol='M2KM6', tradingClass='M2K'), position=1.0, marketPrice=2913.7651367, marketValue=14568.83, averageCost=14645.62, unrealizedPNL=-76.79, realizedPNL=0.0, account='DUQ426424')
2026-05-27 22:29:19,235 INFO ib_async.wrapper: updatePortfolio: PortfolioItem(contract=Future(conId=770561189, symbol='M2K', lastTradeDateOrContractMonth='20260618', right='0', multiplier='5', primaryExchange='CME', currency='USD', localSymbol='M2KM6', tradingClass='M2K'), position=1.0, marketPrice=2912.60009765, marketValue=14563.0, averageCost=14645.62, unrealizedPNL=-82.62, realizedPNL=0.0, account='DUQ426424')
2026-05-27 22:32:19,242 INFO ib_async.wrapper: updatePortfolio: PortfolioItem(contract=Future(conId=770561189, symbol='M2K', lastTradeDateOrContractMonth='20260618', right='0', multiplier='5', primaryExchange='CME', currency='USD', localSymbol='M2KM6', tradingClass='M2K'), position=1.0, marketPrice=2911.9284668, marketValue=14559.64, averageCost=14645.62, unrealizedPNL=-85.98, realizedPNL=0.0, account='DUQ426424')
2026-05-27 22:35:19,271 INFO ib_async.wrapper: updatePortfolio: PortfolioItem(contract=Future(conId=770561189, symbol='M2K', lastTradeDateOrContractMonth='20260618', right='0', multiplier='5', primaryExchange='CME', currency='USD', localSymbol='M2KM6', tradingClass='M2K'), position=1.0, marketPrice=2909.0847168, marketValue=14545.42, averageCost=14645.62, unrealizedPNL=-100.2, realizedPNL=0.0, account='DUQ426424')
2026-05-27 22:38:19,293 INFO ib_async.wrapper: updatePortfolio: PortfolioItem(contract=Future(conId=770561189, symbol='M2K', lastTradeDateOrContractMonth='20260618', right='0', multiplier='5', primaryExchange='CME', currency='USD', localSymbol='M2KM6', tradingClass='M2K'), position=1.0, marketPrice=2908.0600586, marketValue=14540.3, averageCost=14645.62, unrealizedPNL=-105.32, realizedPNL=0.0, account='DUQ426424')
2026-05-27 22:41:19,309 INFO ib_async.wrapper: updatePortfolio: PortfolioItem(contract=Future(conId=770561189, symbol='M2K', lastTradeDateOrContractMonth='20260618', right='0', multiplier='5', primaryExchange='CME', currency='USD', localSymbol='M2KM6', tradingClass='M2K'), position=1.0, marketPrice=2904.9399414, marketValue=14524.7, averageCost=14645.62, unrealizedPNL=-120.92, realizedPNL=0.0, account='DUQ426424')
2026-05-27 22:44:19,340 INFO ib_async.wrapper: updatePortfolio: PortfolioItem(contract=Future(conId=770561189, symbol='M2K', lastTradeDateOrContractMonth='20260618', right='0', multiplier='5', primaryExchange='CME', currency='USD', localSymbol='M2KM6', tradingClass='M2K'), position=1.0, marketPrice=2904.5275879, marketValue=14522.64, averageCost=14645.62, unrealizedPNL=-122.98, realizedPNL=0.0, account='DUQ426424')
2026-05-27 22:46:48,599 INFO ib_async.wrapper: Warning 2157, reqId -1: Sec-def data farm connection is broken:secdefil
2026-05-27 22:46:49,347 INFO ib_async.wrapper: Warning 2158, reqId -1: Sec-def data farm connection is OK:secdefil
2026-05-27 22:47:19,251 INFO ib_async.wrapper: updatePortfolio: PortfolioItem(contract=Future(conId=770561189, symbol='M2K', lastTradeDateOrContractMonth='20260618', right='0', multiplier='5', primaryExchange='CME', currency='USD', localSymbol='M2KM6', tradingClass='M2K'), position=1.0, marketPrice=2903.80004885, marketValue=14519.0, averageCost=14645.62, unrealizedPNL=-126.62, realizedPNL=0.0, account='DUQ426424')
2026-05-27 22:50:19,255 INFO ib_async.wrapper: updatePortfolio: PortfolioItem(contract=Future(conId=770561189, symbol='M2K', lastTradeDateOrContractMonth='20260618', right='0', multiplier='5', primaryExchange='CME', currency='USD', localSymbol='M2KM6', tradingClass='M2K'), position=1.0, marketPrice=2903.5, marketValue=14517.5, averageCost=14645.62, unrealizedPNL=-128.12, realizedPNL=0.0, account='DUQ426424')
2026-05-27 22:53:19,278 INFO ib_async.wrapper: updatePortfolio: PortfolioItem(contract=Future(conId=770561189, symbol='M2K', lastTradeDateOrContractMonth='20260618', right='0', multiplier='5', primaryExchange='CME', currency='USD', localSymbol='M2KM6', tradingClass='M2K'), position=1.0, marketPrice=2904.5600586, marketValue=14522.8, averageCost=14645.62, unrealizedPNL=-122.82, realizedPNL=0.0, account='DUQ426424')
2026-05-27 22:56:19,302 INFO ib_async.wrapper: updatePortfolio: PortfolioItem(contract=Future(conId=770561189, symbol='M2K', lastTradeDateOrContractMonth='20260618', right='0', multiplier='5', primaryExchange='CME', currency='USD', localSymbol='M2KM6', tradingClass='M2K'), position=1.0, marketPrice=2904.69995115, marketValue=14523.5, averageCost=14645.62, unrealizedPNL=-122.12, realizedPNL=0.0, account='DUQ426424')
2026-05-27 22:59:19,319 INFO ib_async.wrapper: updatePortfolio: PortfolioItem(contract=Future(conId=770561189, symbol='M2K', lastTradeDateOrContractMonth='20260618', right='0', multiplier='5', primaryExchange='CME', currency='USD', localSymbol='M2KM6', tradingClass='M2K'), position=1.0, marketPrice=2905.62646485, marketValue=14528.13, averageCost=14645.62, unrealizedPNL=-117.49, realizedPNL=0.0, account='DUQ426424')
2026-05-27 23:01:48,607 INFO ib_async.wrapper: Warning 2105, reqId -1: HMDS data farm connection is broken:ushmds
2026-05-27 23:01:57,134 INFO ib_async.wrapper: Warning 2106, reqId -1: HMDS data farm connection is OK:ushmds
2026-05-27 23:02:19,342 INFO ib_async.wrapper: updatePortfolio: PortfolioItem(contract=Future(conId=770561189, symbol='M2K', lastTradeDateOrContractMonth='20260618', right='0', multiplier='5', primaryExchange='CME', currency='USD', localSymbol='M2KM6', tradingClass='M2K'), position=1.0, marketPrice=2902.5883789, marketValue=14512.94, averageCost=14645.62, unrealizedPNL=-132.68, realizedPNL=0.0, account='DUQ426424')
2026-05-27 23:05:19,443 INFO ib_async.wrapper: updatePortfolio: PortfolioItem(contract=Future(conId=770561189, symbol='M2K', lastTradeDateOrContractMonth='20260618', right='0', multiplier='5', primaryExchange='CME', currency='USD', localSymbol='M2KM6', tradingClass='M2K'), position=1.0, marketPrice=2902.1069336, marketValue=14510.53, averageCost=14645.62, unrealizedPNL=-135.09, realizedPNL=0.0, account='DUQ426424')
2026-05-27 23:08:19,555 INFO ib_async.wrapper: updatePortfolio: PortfolioItem(contract=Future(conId=770561189, symbol='M2K', lastTradeDateOrContractMonth='20260618', right='0', multiplier='5', primaryExchange='CME', currency='USD', localSymbol='M2KM6', tradingClass='M2K'), position=1.0, marketPrice=2904.0, marketValue=14520.0, averageCost=14645.62, unrealizedPNL=-125.62, realizedPNL=0.0, account='DUQ426424')
2026-05-27 23:11:19,534 INFO ib_async.wrapper: updatePortfolio: PortfolioItem(contract=Future(conId=770561189, symbol='M2K', lastTradeDateOrContractMonth='20260618', right='0', multiplier='5', primaryExchange='CME', currency='USD', localSymbol='M2KM6', tradingClass='M2K'), position=1.0, marketPrice=2902.6809082, marketValue=14513.4, averageCost=14645.62, unrealizedPNL=-132.22, realizedPNL=0.0, account='DUQ426424')
2026-05-27 23:14:19,552 INFO ib_async.wrapper: updatePortfolio: PortfolioItem(contract=Future(conId=770561189, symbol='M2K', lastTradeDateOrContractMonth='20260618', right='0', multiplier='5', primaryExchange='CME', currency='USD', localSymbol='M2KM6', tradingClass='M2K'), position=1.0, marketPrice=2900.19995115, marketValue=14501.0, averageCost=14645.62, unrealizedPNL=-144.62, realizedPNL=0.0, account='DUQ426424')
2026-05-27 23:17:19,556 INFO ib_async.wrapper: updatePortfolio: PortfolioItem(contract=Future(conId=770561189, symbol='M2K', lastTradeDateOrContractMonth='20260618', right='0', multiplier='5', primaryExchange='CME', currency='USD', localSymbol='M2KM6', tradingClass='M2K'), position=1.0, marketPrice=2901.17163085, marketValue=14505.86, averageCost=14645.62, unrealizedPNL=-139.76, realizedPNL=0.0, account='DUQ426424')
2026-05-27 23:18:19,252 INFO ib_async.wrapper: Warning 2103, reqId -1: Market data farm connection is broken:usfarm
2026-05-27 23:18:20,108 INFO ib_async.wrapper: Warning 2104, reqId -1: Market data farm connection is OK:usfarm
2026-05-27 23:20:19,588 INFO ib_async.wrapper: updatePortfolio: PortfolioItem(contract=Future(conId=770561189, symbol='M2K', lastTradeDateOrContractMonth='20260618', right='0', multiplier='5', primaryExchange='CME', currency='USD', localSymbol='M2KM6', tradingClass='M2K'), position=1.0, marketPrice=2900.23999025, marketValue=14501.2, averageCost=14645.62, unrealizedPNL=-144.42, realizedPNL=0.0, account='DUQ426424')
2026-05-27 23:23:19,778 INFO ib_async.wrapper: updatePortfolio: PortfolioItem(contract=Future(conId=770561189, symbol='M2K', lastTradeDateOrContractMonth='20260618', right='0', multiplier='5', primaryExchange='CME', currency='USD', localSymbol='M2KM6', tradingClass='M2K'), position=1.0, marketPrice=2900.30004885, marketValue=14501.5, averageCost=14645.62, unrealizedPNL=-144.12, realizedPNL=0.0, account='DUQ426424')
2026-05-27 23:26:20,409 INFO ib_async.wrapper: updatePortfolio: PortfolioItem(contract=Future(conId=770561189, symbol='M2K', lastTradeDateOrContractMonth='20260618', right='0', multiplier='5', primaryExchange='CME', currency='USD', localSymbol='M2KM6', tradingClass='M2K'), position=1.0, marketPrice=2900.0, marketValue=14500.0, averageCost=14645.62, unrealizedPNL=-145.62, realizedPNL=0.0, account='DUQ426424')
2026-05-27 23:29:20,433 INFO ib_async.wrapper: updatePortfolio: PortfolioItem(contract=Future(conId=770561189, symbol='M2K', lastTradeDateOrContractMonth='20260618', right='0', multiplier='5', primaryExchange='CME', currency='USD', localSymbol='M2KM6', tradingClass='M2K'), position=1.0, marketPrice=2900.6064453, marketValue=14503.03, averageCost=14645.62, unrealizedPNL=-142.59, realizedPNL=0.0, account='DUQ426424')
2026-05-27 23:31:42,829 ERROR ib_async.wrapper: Error 1100, reqId -1: Connectivity between IBKR and Trader Workstation has been lost.
2026-05-27 23:31:43,170 ERROR ib_async.wrapper: Error 1100, reqId -1: Connectivity between IBKR and Trader Workstation has been lost.
2026-05-27 23:32:08,105 ERROR ib_async.wrapper: Error 1100, reqId -1: Connectivity between IBKR and Trader Workstation has been lost.
2026-05-27 23:32:08,399 ERROR ib_async.wrapper: Error 1100, reqId -1: Connectivity between IBKR and Trader Workstation has been lost.
2026-05-27 23:32:20,521 ERROR ib_async.wrapper: Error 1100, reqId -1: Connectivity between IBKR and Trader Workstation has been lost.
2026-05-27 23:32:21,985 ERROR ib_async.wrapper: Error 1100, reqId -1: Connectivity between IBKR and Trader Workstation has been lost.
2026-05-27 23:32:59,794 ERROR ib_async.wrapper: Error 1100, reqId -1: Connectivity between IBKR and Trader Workstation has been lost.
2026-05-27 23:33:00,064 ERROR ib_async.wrapper: Error 1100, reqId -1: Connectivity between IBKR and Trader Workstation has been lost.
2026-05-27 23:33:40,796 ERROR ib_async.wrapper: Error 1100, reqId -1: Connectivity between IBKR and Trader Workstation has been lost.
2026-05-27 23:33:46,099 ERROR ib_async.wrapper: Error 1100, reqId -1: Connectivity between IBKR and Trader Workstation has been lost.
2026-05-27 23:34:38,607 ERROR ib_async.wrapper: Error 1100, reqId -1: Connectivity between IBKR and Trader Workstation has been lost.
2026-05-27 23:34:58,480 ERROR ib_async.wrapper: Error 1100, reqId -1: Connectivity between IBKR and Trader Workstation has been lost.
2026-05-27 23:36:01,800 ERROR ib_async.wrapper: Error 1100, reqId -1: Connectivity between IBKR and Trader Workstation has been lost.
2026-05-27 23:36:17,927 ERROR ib_async.wrapper: Error 1100, reqId -1: Connectivity between IBKR and Trader Workstation has been lost.
2026-05-27 23:37:22,574 ERROR ib_async.wrapper: Error 1100, reqId -1: Connectivity between IBKR and Trader Workstation has been lost.
2026-05-27 23:37:46,061 ERROR ib_async.wrapper: Error 1100, reqId -1: Connectivity between IBKR and Trader Workstation has been lost.
2026-05-27 23:38:30,553 INFO ib_async.wrapper: position: Position(account='DUQ426424', contract=Future(conId=770561189, symbol='M2K', lastTradeDateOrContractMonth='20260618', multiplier='5', currency='USD', localSymbol='M2KM6', tradingClass='M2K'), position=1.0, avgCost=14645.62)
2026-05-27 23:38:30,554 ERROR ib_async.wrapper: Error 322, reqId 48: Error processing request.-'bX' : cause - Maximum number of account summary requests exceeded; desubscribe to previous request first
2026-05-27 23:38:30,554 ERROR ib_async.wrapper: Error 1102, reqId -1: Connectivity between IBKR and Trader Workstation has been restored - data maintained. All data farms are connected: usfarm; ushmds; secdefil.
2026-05-27 23:38:30,555 ERROR ib_async.wrapper: Error 322, reqId 63: Error processing request.-'bX' : cause - Maximum number of account summary requests exceeded; desubscribe to previous request first
2026-05-27 23:38:30,772 INFO ib_async.wrapper: updatePortfolio: PortfolioItem(contract=Future(conId=770561189, symbol='M2K', lastTradeDateOrContractMonth='20260618', right='0', multiplier='5', primaryExchange='CME', currency='USD', localSymbol='M2KM6', tradingClass='M2K'), position=1.0, marketPrice=2902.73999025, marketValue=14513.7, averageCost=14645.62, unrealizedPNL=-131.92, realizedPNL=0.0, account='DUQ426424')
2026-05-27 23:40:32,717 INFO ib_async.wrapper: updatePortfolio: PortfolioItem(contract=Future(conId=770561189, symbol='M2K', lastTradeDateOrContractMonth='20260618', right='0', multiplier='5', primaryExchange='CME', currency='USD', localSymbol='M2KM6', tradingClass='M2K'), position=1.0, marketPrice=2902.67456055, marketValue=14513.37, averageCost=14645.62, unrealizedPNL=-132.25, realizedPNL=0.0, account='DUQ426424')
2026-05-27 23:43:32,734 INFO ib_async.wrapper: updatePortfolio: PortfolioItem(contract=Future(conId=770561189, symbol='M2K', lastTradeDateOrContractMonth='20260618', right='0', multiplier='5', primaryExchange='CME', currency='USD', localSymbol='M2KM6', tradingClass='M2K'), position=1.0, marketPrice=2901.8400879, marketValue=14509.2, averageCost=14645.62, unrealizedPNL=-136.42, realizedPNL=0.0, account='DUQ426424')
2026-05-27 23:46:32,722 INFO ib_async.wrapper: updatePortfolio: PortfolioItem(contract=Future(conId=770561189, symbol='M2K', lastTradeDateOrContractMonth='20260618', right='0', multiplier='5', primaryExchange='CME', currency='USD', localSymbol='M2KM6', tradingClass='M2K'), position=1.0, marketPrice=2900.9399414, marketValue=14504.7, averageCost=14645.62, unrealizedPNL=-140.92, realizedPNL=0.0, account='DUQ426424')
2026-05-27 23:49:32,782 INFO ib_async.wrapper: updatePortfolio: PortfolioItem(contract=Future(conId=770561189, symbol='M2K', lastTradeDateOrContractMonth='20260618', right='0', multiplier='5', primaryExchange='CME', currency='USD', localSymbol='M2KM6', tradingClass='M2K'), position=1.0, marketPrice=2900.4399414, marketValue=14502.2, averageCost=14645.62, unrealizedPNL=-143.42, realizedPNL=0.0, account='DUQ426424')
2026-05-27 23:52:32,810 INFO ib_async.wrapper: updatePortfolio: PortfolioItem(contract=Future(conId=770561189, symbol='M2K', lastTradeDateOrContractMonth='20260618', right='0', multiplier='5', primaryExchange='CME', currency='USD', localSymbol='M2KM6', tradingClass='M2K'), position=1.0, marketPrice=2901.9223633, marketValue=14509.61, averageCost=14645.62, unrealizedPNL=-136.01, realizedPNL=0.0, account='DUQ426424')
2026-05-27 23:55:32,734 INFO ib_async.wrapper: updatePortfolio: PortfolioItem(contract=Future(conId=770561189, symbol='M2K', lastTradeDateOrContractMonth='20260618', right='0', multiplier='5', primaryExchange='CME', currency='USD', localSymbol='M2KM6', tradingClass='M2K'), position=1.0, marketPrice=2901.95166015, marketValue=14509.76, averageCost=14645.62, unrealizedPNL=-135.86, realizedPNL=0.0, account='DUQ426424')
2026-05-27 23:58:32,741 INFO ib_async.wrapper: updatePortfolio: PortfolioItem(contract=Future(conId=770561189, symbol='M2K', lastTradeDateOrContractMonth='20260618', right='0', multiplier='5', primaryExchange='CME', currency='USD', localSymbol='M2KM6', tradingClass='M2K'), position=1.0, marketPrice=2901.73999025, marketValue=14508.7, averageCost=14645.62, unrealizedPNL=-136.92, realizedPNL=0.0, account='DUQ426424')
2026-05-28 00:01:32,737 INFO ib_async.wrapper: updatePortfolio: PortfolioItem(contract=Future(conId=770561189, symbol='M2K', lastTradeDateOrContractMonth='20260618', right='0', multiplier='5', primaryExchange='CME', currency='USD', localSymbol='M2KM6', tradingClass='M2K'), position=1.0, marketPrice=2900.6599121, marketValue=14503.3, averageCost=14645.62, unrealizedPNL=-142.32, realizedPNL=0.0, account='DUQ426424')
2026-05-28 00:04:32,885 INFO ib_async.wrapper: updatePortfolio: PortfolioItem(contract=Future(conId=770561189, symbol='M2K', lastTradeDateOrContractMonth='20260618', right='0', multiplier='5', primaryExchange='CME', currency='USD', localSymbol='M2KM6', tradingClass='M2K'), position=1.0, marketPrice=2901.47998045, marketValue=14507.4, averageCost=14645.62, unrealizedPNL=-138.22, realizedPNL=0.0, account='DUQ426424')
2026-05-28 00:07:33,588 INFO ib_async.wrapper: updatePortfolio: PortfolioItem(contract=Future(conId=770561189, symbol='M2K', lastTradeDateOrContractMonth='20260618', right='0', multiplier='5', primaryExchange='CME', currency='USD', localSymbol='M2KM6', tradingClass='M2K'), position=1.0, marketPrice=2900.7907715, marketValue=14503.95, averageCost=14645.62, unrealizedPNL=-141.67, realizedPNL=0.0, account='DUQ426424')
2026-05-28 00:10:33,438 INFO ib_async.wrapper: updatePortfolio: PortfolioItem(contract=Future(conId=770561189, symbol='M2K', lastTradeDateOrContractMonth='20260618', right='0', multiplier='5', primaryExchange='CME', currency='USD', localSymbol='M2KM6', tradingClass='M2K'), position=1.0, marketPrice=2901.53930665, marketValue=14507.7, averageCost=14645.62, unrealizedPNL=-137.92, realizedPNL=0.0, account='DUQ426424')
2026-05-28 00:13:33,421 INFO ib_async.wrapper: updatePortfolio: PortfolioItem(contract=Future(conId=770561189, symbol='M2K', lastTradeDateOrContractMonth='20260618', right='0', multiplier='5', primaryExchange='CME', currency='USD', localSymbol='M2KM6', tradingClass='M2K'), position=1.0, marketPrice=2903.8598633, marketValue=14519.3, averageCost=14645.62, unrealizedPNL=-126.32, realizedPNL=0.0, account='DUQ426424')
2026-05-28 00:16:33,890 INFO ib_async.wrapper: updatePortfolio: PortfolioItem(contract=Future(conId=770561189, symbol='M2K', lastTradeDateOrContractMonth='20260618', right='0', multiplier='5', primaryExchange='CME', currency='USD', localSymbol='M2KM6', tradingClass='M2K'), position=1.0, marketPrice=2904.20532225, marketValue=14521.03, averageCost=14645.62, unrealizedPNL=-124.59, realizedPNL=0.0, account='DUQ426424')
2026-05-28 00:19:33,902 INFO ib_async.wrapper: updatePortfolio: PortfolioItem(contract=Future(conId=770561189, symbol='M2K', lastTradeDateOrContractMonth='20260618', right='0', multiplier='5', primaryExchange='CME', currency='USD', localSymbol='M2KM6', tradingClass='M2K'), position=1.0, marketPrice=2903.76000975, marketValue=14518.8, averageCost=14645.62, unrealizedPNL=-126.82, realizedPNL=0.0, account='DUQ426424')
2026-05-28 00:22:33,920 INFO ib_async.wrapper: updatePortfolio: PortfolioItem(contract=Future(conId=770561189, symbol='M2K', lastTradeDateOrContractMonth='20260618', right='0', multiplier='5', primaryExchange='CME', currency='USD', localSymbol='M2KM6', tradingClass='M2K'), position=1.0, marketPrice=2904.91918945, marketValue=14524.6, averageCost=14645.62, unrealizedPNL=-121.02, realizedPNL=0.0, account='DUQ426424')
2026-05-28 00:25:33,914 INFO ib_async.wrapper: updatePortfolio: PortfolioItem(contract=Future(conId=770561189, symbol='M2K', lastTradeDateOrContractMonth='20260618', right='0', multiplier='5', primaryExchange='CME', currency='USD', localSymbol='M2KM6', tradingClass='M2K'), position=1.0, marketPrice=2907.0620117, marketValue=14535.31, averageCost=14645.62, unrealizedPNL=-110.31, realizedPNL=0.0, account='DUQ426424')
2026-05-28 00:28:33,961 INFO ib_async.wrapper: updatePortfolio: PortfolioItem(contract=Future(conId=770561189, symbol='M2K', lastTradeDateOrContractMonth='20260618', right='0', multiplier='5', primaryExchange='CME', currency='USD', localSymbol='M2KM6', tradingClass='M2K'), position=1.0, marketPrice=2907.5024414, marketValue=14537.51, averageCost=14645.62, unrealizedPNL=-108.11, realizedPNL=0.0, account='DUQ426424')
2026-05-28 00:31:33,991 INFO ib_async.wrapper: updatePortfolio: PortfolioItem(contract=Future(conId=770561189, symbol='M2K', lastTradeDateOrContractMonth='20260618', right='0', multiplier='5', primaryExchange='CME', currency='USD', localSymbol='M2KM6', tradingClass='M2K'), position=1.0, marketPrice=2909.9291992, marketValue=14549.65, averageCost=14645.62, unrealizedPNL=-95.97, realizedPNL=0.0, account='DUQ426424')
2026-05-28 00:36:47,231 INFO ib_async.wrapper: position: Position(account='DUQ426424', contract=Future(conId=770561189, symbol='M2K', lastTradeDateOrContractMonth='20260618', multiplier='5', currency='USD', localSymbol='M2KM6', tradingClass='M2K'), position=1.0, avgCost=14645.62)
2026-05-28 00:36:47,260 INFO ib_async.wrapper: updatePortfolio: PortfolioItem(contract=Future(conId=770561189, symbol='M2K', lastTradeDateOrContractMonth='20260618', right='0', multiplier='5', primaryExchange='CME', currency='USD', localSymbol='M2KM6', tradingClass='M2K'), position=1.0, marketPrice=2912.0, marketValue=14560.0, averageCost=14645.62, unrealizedPNL=-85.62, realizedPNL=0.0, account='DUQ426424')
2026-05-28 00:37:00,154 INFO ib_async.wrapper: updatePortfolio: PortfolioItem(contract=Future(conId=770561189, symbol='M2K', lastTradeDateOrContractMonth='20260618', right='0', multiplier='5', primaryExchange='CME', currency='USD', localSymbol='M2KM6', tradingClass='M2K'), position=1.0, marketPrice=2912.5, marketValue=14562.5, averageCost=14645.62, unrealizedPNL=-83.12, realizedPNL=0.0, account='DUQ426424')
2026-05-28 00:40:00,685 INFO ib_async.wrapper: updatePortfolio: PortfolioItem(contract=Future(conId=770561189, symbol='M2K', lastTradeDateOrContractMonth='20260618', right='0', multiplier='5', primaryExchange='CME', currency='USD', localSymbol='M2KM6', tradingClass='M2K'), position=1.0, marketPrice=2913.19995115, marketValue=14566.0, averageCost=14645.62, unrealizedPNL=-79.62, realizedPNL=0.0, account='DUQ426424')
2026-05-28 00:43:00,725 INFO ib_async.wrapper: updatePortfolio: PortfolioItem(contract=Future(conId=770561189, symbol='M2K', lastTradeDateOrContractMonth='20260618', right='0', multiplier='5', primaryExchange='CME', currency='USD', localSymbol='M2KM6', tradingClass='M2K'), position=1.0, marketPrice=2912.8598633, marketValue=14564.3, averageCost=14645.62, unrealizedPNL=-81.32, realizedPNL=0.0, account='DUQ426424')
2026-05-28 00:46:00,753 INFO ib_async.wrapper: updatePortfolio: PortfolioItem(contract=Future(conId=770561189, symbol='M2K', lastTradeDateOrContractMonth='20260618', right='0', multiplier='5', primaryExchange='CME', currency='USD', localSymbol='M2KM6', tradingClass='M2K'), position=1.0, marketPrice=2912.7409668, marketValue=14563.7, averageCost=14645.62, unrealizedPNL=-81.92, realizedPNL=0.0, account='DUQ426424')
2026-05-28 00:49:00,671 INFO ib_async.wrapper: updatePortfolio: PortfolioItem(contract=Future(conId=770561189, symbol='M2K', lastTradeDateOrContractMonth='20260618', right='0', multiplier='5', primaryExchange='CME', currency='USD', localSymbol='M2KM6', tradingClass='M2K'), position=1.0, marketPrice=2913.54003905, marketValue=14567.7, averageCost=14645.62, unrealizedPNL=-77.92, realizedPNL=0.0, account='DUQ426424')
2026-05-28 00:52:00,681 INFO ib_async.wrapper: updatePortfolio: PortfolioItem(contract=Future(conId=770561189, symbol='M2K', lastTradeDateOrContractMonth='20260618', right='0', multiplier='5', primaryExchange='CME', currency='USD', localSymbol='M2KM6', tradingClass='M2K'), position=1.0, marketPrice=2914.10009765, marketValue=14570.5, averageCost=14645.62, unrealizedPNL=-75.12, realizedPNL=0.0, account='DUQ426424')
2026-05-28 00:55:00,684 INFO ib_async.wrapper: updatePortfolio: PortfolioItem(contract=Future(conId=770561189, symbol='M2K', lastTradeDateOrContractMonth='20260618', right='0', multiplier='5', primaryExchange='CME', currency='USD', localSymbol='M2KM6', tradingClass='M2K'), position=1.0, marketPrice=2913.9399414, marketValue=14569.7, averageCost=14645.62, unrealizedPNL=-75.92, realizedPNL=0.0, account='DUQ426424')
2026-05-28 00:58:00,725 INFO ib_async.wrapper: updatePortfolio: PortfolioItem(contract=Future(conId=770561189, symbol='M2K', lastTradeDateOrContractMonth='20260618', right='0', multiplier='5', primaryExchange='CME', currency='USD', localSymbol='M2KM6', tradingClass='M2K'), position=1.0, marketPrice=2913.33276365, marketValue=14566.66, averageCost=14645.62, unrealizedPNL=-78.96, realizedPNL=0.0, account='DUQ426424')
2026-05-28 01:01:00,737 INFO ib_async.wrapper: updatePortfolio: PortfolioItem(contract=Future(conId=770561189, symbol='M2K', lastTradeDateOrContractMonth='20260618', right='0', multiplier='5', primaryExchange='CME', currency='USD', localSymbol='M2KM6', tradingClass='M2K'), position=1.0, marketPrice=2913.88598635, marketValue=14569.43, averageCost=14645.62, unrealizedPNL=-76.19, realizedPNL=0.0, account='DUQ426424')
2026-05-28 01:04:00,676 INFO ib_async.wrapper: updatePortfolio: PortfolioItem(contract=Future(conId=770561189, symbol='M2K', lastTradeDateOrContractMonth='20260618', right='0', multiplier='5', primaryExchange='CME', currency='USD', localSymbol='M2KM6', tradingClass='M2K'), position=1.0, marketPrice=2913.10009765, marketValue=14565.5, averageCost=14645.62, unrealizedPNL=-80.12, realizedPNL=0.0, account='DUQ426424')
2026-05-28 01:07:00,686 INFO ib_async.wrapper: updatePortfolio: PortfolioItem(contract=Future(conId=770561189, symbol='M2K', lastTradeDateOrContractMonth='20260618', right='0', multiplier='5', primaryExchange='CME', currency='USD', localSymbol='M2KM6', tradingClass='M2K'), position=1.0, marketPrice=2913.5227051, marketValue=14567.61, averageCost=14645.62, unrealizedPNL=-78.01, realizedPNL=0.0, account='DUQ426424')
2026-05-28 01:10:00,688 INFO ib_async.wrapper: updatePortfolio: PortfolioItem(contract=Future(conId=770561189, symbol='M2K', lastTradeDateOrContractMonth='20260618', right='0', multiplier='5', primaryExchange='CME', currency='USD', localSymbol='M2KM6', tradingClass='M2K'), position=1.0, marketPrice=2913.4399414, marketValue=14567.2, averageCost=14645.62, unrealizedPNL=-78.42, realizedPNL=0.0, account='DUQ426424')
2026-05-28 01:13:00,695 INFO ib_async.wrapper: updatePortfolio: PortfolioItem(contract=Future(conId=770561189, symbol='M2K', lastTradeDateOrContractMonth='20260618', right='0', multiplier='5', primaryExchange='CME', currency='USD', localSymbol='M2KM6', tradingClass='M2K'), position=1.0, marketPrice=2913.9399414, marketValue=14569.7, averageCost=14645.62, unrealizedPNL=-75.92, realizedPNL=0.0, account='DUQ426424')
2026-05-28 01:16:00,711 INFO ib_async.wrapper: updatePortfolio: PortfolioItem(contract=Future(conId=770561189, symbol='M2K', lastTradeDateOrContractMonth='20260618', right='0', multiplier='5', primaryExchange='CME', currency='USD', localSymbol='M2KM6', tradingClass='M2K'), position=1.0, marketPrice=2914.5793457, marketValue=14572.9, averageCost=14645.62, unrealizedPNL=-72.72, realizedPNL=0.0, account='DUQ426424')
2026-05-28 01:19:00,694 INFO ib_async.wrapper: updatePortfolio: PortfolioItem(contract=Future(conId=770561189, symbol='M2K', lastTradeDateOrContractMonth='20260618', right='0', multiplier='5', primaryExchange='CME', currency='USD', localSymbol='M2KM6', tradingClass='M2K'), position=1.0, marketPrice=2915.1599121, marketValue=14575.8, averageCost=14645.62, unrealizedPNL=-69.82, realizedPNL=0.0, account='DUQ426424')
2026-05-28 01:22:00,707 INFO ib_async.wrapper: updatePortfolio: PortfolioItem(contract=Future(conId=770561189, symbol='M2K', lastTradeDateOrContractMonth='20260618', right='0', multiplier='5', primaryExchange='CME', currency='USD', localSymbol='M2KM6', tradingClass='M2K'), position=1.0, marketPrice=2915.73999025, marketValue=14578.7, averageCost=14645.62, unrealizedPNL=-66.92, realizedPNL=0.0, account='DUQ426424')
2026-05-28 01:25:00,707 INFO ib_async.wrapper: updatePortfolio: PortfolioItem(contract=Future(conId=770561189, symbol='M2K', lastTradeDateOrContractMonth='20260618', right='0', multiplier='5', primaryExchange='CME', currency='USD', localSymbol='M2KM6', tradingClass='M2K'), position=1.0, marketPrice=2915.0600586, marketValue=14575.3, averageCost=14645.62, unrealizedPNL=-70.32, realizedPNL=0.0, account='DUQ426424')
2026-05-28 01:28:00,720 INFO ib_async.wrapper: updatePortfolio: PortfolioItem(contract=Future(conId=770561189, symbol='M2K', lastTradeDateOrContractMonth='20260618', right='0', multiplier='5', primaryExchange='CME', currency='USD', localSymbol='M2KM6', tradingClass='M2K'), position=1.0, marketPrice=2915.1401367, marketValue=14575.7, averageCost=14645.62, unrealizedPNL=-69.92, realizedPNL=0.0, account='DUQ426424')
2026-05-28 01:31:00,733 INFO ib_async.wrapper: updatePortfolio: PortfolioItem(contract=Future(conId=770561189, symbol='M2K', lastTradeDateOrContractMonth='20260618', right='0', multiplier='5', primaryExchange='CME', currency='USD', localSymbol='M2KM6', tradingClass='M2K'), position=1.0, marketPrice=2915.04003905, marketValue=14575.2, averageCost=14645.62, unrealizedPNL=-70.42, realizedPNL=0.0, account='DUQ426424')
2026-05-28 01:34:00,729 INFO ib_async.wrapper: updatePortfolio: PortfolioItem(contract=Future(conId=770561189, symbol='M2K', lastTradeDateOrContractMonth='20260618', right='0', multiplier='5', primaryExchange='CME', currency='USD', localSymbol='M2KM6', tradingClass='M2K'), position=1.0, marketPrice=2914.3598633, marketValue=14571.8, averageCost=14645.62, unrealizedPNL=-73.82, realizedPNL=0.0, account='DUQ426424')
2026-05-28 01:37:00,729 INFO ib_async.wrapper: updatePortfolio: PortfolioItem(contract=Future(conId=770561189, symbol='M2K', lastTradeDateOrContractMonth='20260618', right='0', multiplier='5', primaryExchange='CME', currency='USD', localSymbol='M2KM6', tradingClass='M2K'), position=1.0, marketPrice=2913.24121095, marketValue=14566.21, averageCost=14645.62, unrealizedPNL=-79.41, realizedPNL=0.0, account='DUQ426424')
2026-05-28 01:40:00,731 INFO ib_async.wrapper: updatePortfolio: PortfolioItem(contract=Future(conId=770561189, symbol='M2K', lastTradeDateOrContractMonth='20260618', right='0', multiplier='5', primaryExchange='CME', currency='USD', localSymbol='M2KM6', tradingClass='M2K'), position=1.0, marketPrice=2913.31152345, marketValue=14566.56, averageCost=14645.62, unrealizedPNL=-79.06, realizedPNL=0.0, account='DUQ426424')
2026-05-28 01:43:00,753 INFO ib_async.wrapper: updatePortfolio: PortfolioItem(contract=Future(conId=770561189, symbol='M2K', lastTradeDateOrContractMonth='20260618', right='0', multiplier='5', primaryExchange='CME', currency='USD', localSymbol='M2KM6', tradingClass='M2K'), position=1.0, marketPrice=2912.32421875, marketValue=14561.62, averageCost=14645.62, unrealizedPNL=-84.0, realizedPNL=0.0, account='DUQ426424')
2026-05-28 01:46:00,789 INFO ib_async.wrapper: updatePortfolio: PortfolioItem(contract=Future(conId=770561189, symbol='M2K', lastTradeDateOrContractMonth='20260618', right='0', multiplier='5', primaryExchange='CME', currency='USD', localSymbol='M2KM6', tradingClass='M2K'), position=1.0, marketPrice=2914.26831055, marketValue=14571.34, averageCost=14645.62, unrealizedPNL=-74.28, realizedPNL=0.0, account='DUQ426424')
2026-05-28 01:49:00,800 INFO ib_async.wrapper: updatePortfolio: PortfolioItem(contract=Future(conId=770561189, symbol='M2K', lastTradeDateOrContractMonth='20260618', right='0', multiplier='5', primaryExchange='CME', currency='USD', localSymbol='M2KM6', tradingClass='M2K'), position=1.0, marketPrice=2914.1401367, marketValue=14570.7, averageCost=14645.62, unrealizedPNL=-74.92, realizedPNL=0.0, account='DUQ426424')
2026-05-28 01:52:01,173 INFO ib_async.wrapper: updatePortfolio: PortfolioItem(contract=Future(conId=770561189, symbol='M2K', lastTradeDateOrContractMonth='20260618', right='0', multiplier='5', primaryExchange='CME', currency='USD', localSymbol='M2KM6', tradingClass='M2K'), position=1.0, marketPrice=2912.9121094, marketValue=14564.56, averageCost=14645.62, unrealizedPNL=-81.06, realizedPNL=0.0, account='DUQ426424')
2026-05-28 01:55:01,171 INFO ib_async.wrapper: updatePortfolio: PortfolioItem(contract=Future(conId=770561189, symbol='M2K', lastTradeDateOrContractMonth='20260618', right='0', multiplier='5', primaryExchange='CME', currency='USD', localSymbol='M2KM6', tradingClass='M2K'), position=1.0, marketPrice=2913.8598633, marketValue=14569.3, averageCost=14645.62, unrealizedPNL=-76.32, realizedPNL=0.0, account='DUQ426424')
2026-05-28 01:58:01,182 INFO ib_async.wrapper: updatePortfolio: PortfolioItem(contract=Future(conId=770561189, symbol='M2K', lastTradeDateOrContractMonth='20260618', right='0', multiplier='5', primaryExchange='CME', currency='USD', localSymbol='M2KM6', tradingClass='M2K'), position=1.0, marketPrice=2914.54003905, marketValue=14572.7, averageCost=14645.62, unrealizedPNL=-72.92, realizedPNL=0.0, account='DUQ426424')
2026-05-28 02:01:01,191 INFO ib_async.wrapper: updatePortfolio: PortfolioItem(contract=Future(conId=770561189, symbol='M2K', lastTradeDateOrContractMonth='20260618', right='0', multiplier='5', primaryExchange='CME', currency='USD', localSymbol='M2KM6', tradingClass='M2K'), position=1.0, marketPrice=2916.89990235, marketValue=14584.5, averageCost=14645.62, unrealizedPNL=-61.12, realizedPNL=0.0, account='DUQ426424')
2026-05-28 02:04:01,188 INFO ib_async.wrapper: updatePortfolio: PortfolioItem(contract=Future(conId=770561189, symbol='M2K', lastTradeDateOrContractMonth='20260618', right='0', multiplier='5', primaryExchange='CME', currency='USD', localSymbol='M2KM6', tradingClass='M2K'), position=1.0, marketPrice=2915.1401367, marketValue=14575.7, averageCost=14645.62, unrealizedPNL=-69.92, realizedPNL=0.0, account='DUQ426424')
2026-05-28 02:07:01,205 INFO ib_async.wrapper: updatePortfolio: PortfolioItem(contract=Future(conId=770561189, symbol='M2K', lastTradeDateOrContractMonth='20260618', right='0', multiplier='5', primaryExchange='CME', currency='USD', localSymbol='M2KM6', tradingClass='M2K'), position=1.0, marketPrice=2916.1401367, marketValue=14580.7, averageCost=14645.62, unrealizedPNL=-64.92, realizedPNL=0.0, account='DUQ426424')
2026-05-28 02:10:01,217 INFO ib_async.wrapper: updatePortfolio: PortfolioItem(contract=Future(conId=770561189, symbol='M2K', lastTradeDateOrContractMonth='20260618', right='0', multiplier='5', primaryExchange='CME', currency='USD', localSymbol='M2KM6', tradingClass='M2K'), position=1.0, marketPrice=2917.0600586, marketValue=14585.3, averageCost=14645.62, unrealizedPNL=-60.32, realizedPNL=0.0, account='DUQ426424')
2026-05-28 02:13:01,214 INFO ib_async.wrapper: updatePortfolio: PortfolioItem(contract=Future(conId=770561189, symbol='M2K', lastTradeDateOrContractMonth='20260618', right='0', multiplier='5', primaryExchange='CME', currency='USD', localSymbol='M2KM6', tradingClass='M2K'), position=1.0, marketPrice=2916.0805664, marketValue=14580.4, averageCost=14645.62, unrealizedPNL=-65.22, realizedPNL=0.0, account='DUQ426424')
2026-05-28 02:16:01,239 INFO ib_async.wrapper: updatePortfolio: PortfolioItem(contract=Future(conId=770561189, symbol='M2K', lastTradeDateOrContractMonth='20260618', right='0', multiplier='5', primaryExchange='CME', currency='USD', localSymbol='M2KM6', tradingClass='M2K'), position=1.0, marketPrice=2914.8117676, marketValue=14574.06, averageCost=14645.62, unrealizedPNL=-71.56, realizedPNL=0.0, account='DUQ426424')
2026-05-28 02:19:01,234 INFO ib_async.wrapper: updatePortfolio: PortfolioItem(contract=Future(conId=770561189, symbol='M2K', lastTradeDateOrContractMonth='20260618', right='0', multiplier='5', primaryExchange='CME', currency='USD', localSymbol='M2KM6', tradingClass='M2K'), position=1.0, marketPrice=2915.28393555, marketValue=14576.42, averageCost=14645.62, unrealizedPNL=-69.2, realizedPNL=0.0, account='DUQ426424')
2026-05-28 02:22:01,256 INFO ib_async.wrapper: updatePortfolio: PortfolioItem(contract=Future(conId=770561189, symbol='M2K', lastTradeDateOrContractMonth='20260618', right='0', multiplier='5', primaryExchange='CME', currency='USD', localSymbol='M2KM6', tradingClass='M2K'), position=1.0, marketPrice=2916.23999025, marketValue=14581.2, averageCost=14645.62, unrealizedPNL=-64.42, realizedPNL=0.0, account='DUQ426424')
2026-05-28 02:25:01,271 INFO ib_async.wrapper: updatePortfolio: PortfolioItem(contract=Future(conId=770561189, symbol='M2K', lastTradeDateOrContractMonth='20260618', right='0', multiplier='5', primaryExchange='CME', currency='USD', localSymbol='M2KM6', tradingClass='M2K'), position=1.0, marketPrice=2915.6179199, marketValue=14578.09, averageCost=14645.62, unrealizedPNL=-67.53, realizedPNL=0.0, account='DUQ426424')
2026-05-28 02:28:01,269 INFO ib_async.wrapper: updatePortfolio: PortfolioItem(contract=Future(conId=770561189, symbol='M2K', lastTradeDateOrContractMonth='20260618', right='0', multiplier='5', primaryExchange='CME', currency='USD', localSymbol='M2KM6', tradingClass='M2K'), position=1.0, marketPrice=2916.1599121, marketValue=14580.8, averageCost=14645.62, unrealizedPNL=-64.82, realizedPNL=0.0, account='DUQ426424')
2026-05-28 02:31:01,273 INFO ib_async.wrapper: updatePortfolio: PortfolioItem(contract=Future(conId=770561189, symbol='M2K', lastTradeDateOrContractMonth='20260618', right='0', multiplier='5', primaryExchange='CME', currency='USD', localSymbol='M2KM6', tradingClass='M2K'), position=1.0, marketPrice=2916.48876955, marketValue=14582.44, averageCost=14645.62, unrealizedPNL=-63.18, realizedPNL=0.0, account='DUQ426424')
2026-05-28 02:34:01,277 INFO ib_async.wrapper: updatePortfolio: PortfolioItem(contract=Future(conId=770561189, symbol='M2K', lastTradeDateOrContractMonth='20260618', right='0', multiplier='5', primaryExchange='CME', currency='USD', localSymbol='M2KM6', tradingClass='M2K'), position=1.0, marketPrice=2915.0, marketValue=14575.0, averageCost=14645.62, unrealizedPNL=-70.62, realizedPNL=0.0, account='DUQ426424')
2026-05-28 02:37:00,742 INFO ib_async.wrapper: updatePortfolio: PortfolioItem(contract=Future(conId=770561189, symbol='M2K', lastTradeDateOrContractMonth='20260618', right='0', multiplier='5', primaryExchange='CME', currency='USD', localSymbol='M2KM6', tradingClass='M2K'), position=1.0, marketPrice=2915.5, marketValue=14577.5, averageCost=14645.62, unrealizedPNL=-68.12, realizedPNL=0.0, account='DUQ426424')
2026-05-28 02:40:00,692 INFO ib_async.wrapper: updatePortfolio: PortfolioItem(contract=Future(conId=770561189, symbol='M2K', lastTradeDateOrContractMonth='20260618', right='0', multiplier='5', primaryExchange='CME', currency='USD', localSymbol='M2KM6', tradingClass='M2K'), position=1.0, marketPrice=2915.4724121, marketValue=14577.36, averageCost=14645.62, unrealizedPNL=-68.26, realizedPNL=0.0, account='DUQ426424')
2026-05-28 02:43:00,793 INFO ib_async.wrapper: updatePortfolio: PortfolioItem(contract=Future(conId=770561189, symbol='M2K', lastTradeDateOrContractMonth='20260618', right='0', multiplier='5', primaryExchange='CME', currency='USD', localSymbol='M2KM6', tradingClass='M2K'), position=1.0, marketPrice=2916.0, marketValue=14580.0, averageCost=14645.62, unrealizedPNL=-65.62, realizedPNL=0.0, account='DUQ426424')
2026-05-28 02:46:00,710 INFO ib_async.wrapper: updatePortfolio: PortfolioItem(contract=Future(conId=770561189, symbol='M2K', lastTradeDateOrContractMonth='20260618', right='0', multiplier='5', primaryExchange='CME', currency='USD', localSymbol='M2KM6', tradingClass='M2K'), position=1.0, marketPrice=2915.4724121, marketValue=14577.36, averageCost=14645.62, unrealizedPNL=-68.26, realizedPNL=0.0, account='DUQ426424')
2026-05-28 02:49:00,733 INFO ib_async.wrapper: updatePortfolio: PortfolioItem(contract=Future(conId=770561189, symbol='M2K', lastTradeDateOrContractMonth='20260618', right='0', multiplier='5', primaryExchange='CME', currency='USD', localSymbol='M2KM6', tradingClass='M2K'), position=1.0, marketPrice=2914.76000975, marketValue=14573.8, averageCost=14645.62, unrealizedPNL=-71.82, realizedPNL=0.0, account='DUQ426424')
2026-05-28 02:52:00,756 INFO ib_async.wrapper: updatePortfolio: PortfolioItem(contract=Future(conId=770561189, symbol='M2K', lastTradeDateOrContractMonth='20260618', right='0', multiplier='5', primaryExchange='CME', currency='USD', localSymbol='M2KM6', tradingClass='M2K'), position=1.0, marketPrice=2914.90625, marketValue=14574.53, averageCost=14645.62, unrealizedPNL=-71.09, realizedPNL=0.0, account='DUQ426424')
2026-05-28 02:55:00,708 INFO ib_async.wrapper: updatePortfolio: PortfolioItem(contract=Future(conId=770561189, symbol='M2K', lastTradeDateOrContractMonth='20260618', right='0', multiplier='5', primaryExchange='CME', currency='USD', localSymbol='M2KM6', tradingClass='M2K'), position=1.0, marketPrice=2914.6401367, marketValue=14573.2, averageCost=14645.62, unrealizedPNL=-72.42, realizedPNL=0.0, account='DUQ426424')
2026-05-28 02:58:00,701 INFO ib_async.wrapper: updatePortfolio: PortfolioItem(contract=Future(conId=770561189, symbol='M2K', lastTradeDateOrContractMonth='20260618', right='0', multiplier='5', primaryExchange='CME', currency='USD', localSymbol='M2KM6', tradingClass='M2K'), position=1.0, marketPrice=2916.80004885, marketValue=14584.0, averageCost=14645.62, unrealizedPNL=-61.62, realizedPNL=0.0, account='DUQ426424')
2026-05-28 03:01:00,721 INFO ib_async.wrapper: updatePortfolio: PortfolioItem(contract=Future(conId=770561189, symbol='M2K', lastTradeDateOrContractMonth='20260618', right='0', multiplier='5', primaryExchange='CME', currency='USD', localSymbol='M2KM6', tradingClass='M2K'), position=1.0, marketPrice=2918.8366699, marketValue=14594.18, averageCost=14645.62, unrealizedPNL=-51.44, realizedPNL=0.0, account='DUQ426424')
2026-05-28 03:04:00,710 INFO ib_async.wrapper: updatePortfolio: PortfolioItem(contract=Future(conId=770561189, symbol='M2K', lastTradeDateOrContractMonth='20260618', right='0', multiplier='5', primaryExchange='CME', currency='USD', localSymbol='M2KM6', tradingClass='M2K'), position=1.0, marketPrice=2916.85180665, marketValue=14584.26, averageCost=14645.62, unrealizedPNL=-61.36, realizedPNL=0.0, account='DUQ426424')
2026-05-28 03:07:00,704 INFO ib_async.wrapper: updatePortfolio: PortfolioItem(contract=Future(conId=770561189, symbol='M2K', lastTradeDateOrContractMonth='20260618', right='0', multiplier='5', primaryExchange='CME', currency='USD', localSymbol='M2KM6', tradingClass='M2K'), position=1.0, marketPrice=2916.7026367, marketValue=14583.51, averageCost=14645.62, unrealizedPNL=-62.11, realizedPNL=0.0, account='DUQ426424')
2026-05-28 03:10:00,721 INFO ib_async.wrapper: updatePortfolio: PortfolioItem(contract=Future(conId=770561189, symbol='M2K', lastTradeDateOrContractMonth='20260618', right='0', multiplier='5', primaryExchange='CME', currency='USD', localSymbol='M2KM6', tradingClass='M2K'), position=1.0, marketPrice=2917.19995115, marketValue=14586.0, averageCost=14645.62, unrealizedPNL=-59.62, realizedPNL=0.0, account='DUQ426424')
2026-05-28 03:13:00,718 INFO ib_async.wrapper: updatePortfolio: PortfolioItem(contract=Future(conId=770561189, symbol='M2K', lastTradeDateOrContractMonth='20260618', right='0', multiplier='5', primaryExchange='CME', currency='USD', localSymbol='M2KM6', tradingClass='M2K'), position=1.0, marketPrice=2918.2717285, marketValue=14591.36, averageCost=14645.62, unrealizedPNL=-54.26, realizedPNL=0.0, account='DUQ426424')
2026-05-28 03:16:00,728 INFO ib_async.wrapper: updatePortfolio: PortfolioItem(contract=Future(conId=770561189, symbol='M2K', lastTradeDateOrContractMonth='20260618', right='0', multiplier='5', primaryExchange='CME', currency='USD', localSymbol='M2KM6', tradingClass='M2K'), position=1.0, marketPrice=2917.57836915, marketValue=14587.89, averageCost=14645.62, unrealizedPNL=-57.73, realizedPNL=0.0, account='DUQ426424')
2026-05-28 03:19:00,734 INFO ib_async.wrapper: updatePortfolio: PortfolioItem(contract=Future(conId=770561189, symbol='M2K', lastTradeDateOrContractMonth='20260618', right='0', multiplier='5', primaryExchange='CME', currency='USD', localSymbol='M2KM6', tradingClass='M2K'), position=1.0, marketPrice=2916.86816405, marketValue=14584.34, averageCost=14645.62, unrealizedPNL=-61.28, realizedPNL=0.0, account='DUQ426424')
2026-05-28 03:22:00,755 INFO ib_async.wrapper: updatePortfolio: PortfolioItem(contract=Future(conId=770561189, symbol='M2K', lastTradeDateOrContractMonth='20260618', right='0', multiplier='5', primaryExchange='CME', currency='USD', localSymbol='M2KM6', tradingClass='M2K'), position=1.0, marketPrice=2917.6879883, marketValue=14588.44, averageCost=14645.62, unrealizedPNL=-57.18, realizedPNL=0.0, account='DUQ426424')
2026-05-28 03:25:00,784 INFO ib_async.wrapper: updatePortfolio: PortfolioItem(contract=Future(conId=770561189, symbol='M2K', lastTradeDateOrContractMonth='20260618', right='0', multiplier='5', primaryExchange='CME', currency='USD', localSymbol='M2KM6', tradingClass='M2K'), position=1.0, marketPrice=2918.23999025, marketValue=14591.2, averageCost=14645.62, unrealizedPNL=-54.42, realizedPNL=0.0, account='DUQ426424')
2026-05-28 03:28:00,795 INFO ib_async.wrapper: updatePortfolio: PortfolioItem(contract=Future(conId=770561189, symbol='M2K', lastTradeDateOrContractMonth='20260618', right='0', multiplier='5', primaryExchange='CME', currency='USD', localSymbol='M2KM6', tradingClass='M2K'), position=1.0, marketPrice=2915.30004885, marketValue=14576.5, averageCost=14645.62, unrealizedPNL=-69.12, realizedPNL=0.0, account='DUQ426424')
2026-05-28 03:31:00,704 INFO ib_async.wrapper: updatePortfolio: PortfolioItem(contract=Future(conId=770561189, symbol='M2K', lastTradeDateOrContractMonth='20260618', right='0', multiplier='5', primaryExchange='CME', currency='USD', localSymbol='M2KM6', tradingClass='M2K'), position=1.0, marketPrice=2916.55126955, marketValue=14582.76, averageCost=14645.62, unrealizedPNL=-62.86, realizedPNL=0.0, account='DUQ426424')
2026-05-28 03:34:00,706 INFO ib_async.wrapper: updatePortfolio: PortfolioItem(contract=Future(conId=770561189, symbol='M2K', lastTradeDateOrContractMonth='20260618', right='0', multiplier='5', primaryExchange='CME', currency='USD', localSymbol='M2KM6', tradingClass='M2K'), position=1.0, marketPrice=2916.0900879, marketValue=14580.45, averageCost=14645.62, unrealizedPNL=-65.17, realizedPNL=0.0, account='DUQ426424')
2026-05-28 03:37:00,757 INFO ib_async.wrapper: updatePortfolio: PortfolioItem(contract=Future(conId=770561189, symbol='M2K', lastTradeDateOrContractMonth='20260618', right='0', multiplier='5', primaryExchange='CME', currency='USD', localSymbol='M2KM6', tradingClass='M2K'), position=1.0, marketPrice=2917.0, marketValue=14585.0, averageCost=14645.62, unrealizedPNL=-60.62, realizedPNL=0.0, account='DUQ426424')
2026-05-28 03:40:00,882 INFO ib_async.wrapper: updatePortfolio: PortfolioItem(contract=Future(conId=770561189, symbol='M2K', lastTradeDateOrContractMonth='20260618', right='0', multiplier='5', primaryExchange='CME', currency='USD', localSymbol='M2KM6', tradingClass='M2K'), position=1.0, marketPrice=2917.31152345, marketValue=14586.56, averageCost=14645.62, unrealizedPNL=-59.06, realizedPNL=0.0, account='DUQ426424')
2026-05-28 03:43:00,791 INFO ib_async.wrapper: updatePortfolio: PortfolioItem(contract=Future(conId=770561189, symbol='M2K', lastTradeDateOrContractMonth='20260618', right='0', multiplier='5', primaryExchange='CME', currency='USD', localSymbol='M2KM6', tradingClass='M2K'), position=1.0, marketPrice=2916.85961915, marketValue=14584.3, averageCost=14645.62, unrealizedPNL=-61.32, realizedPNL=0.0, account='DUQ426424')
2026-05-28 03:46:00,725 INFO ib_async.wrapper: updatePortfolio: PortfolioItem(contract=Future(conId=770561189, symbol='M2K', lastTradeDateOrContractMonth='20260618', right='0', multiplier='5', primaryExchange='CME', currency='USD', localSymbol='M2KM6', tradingClass='M2K'), position=1.0, marketPrice=2917.373291, marketValue=14586.87, averageCost=14645.62, unrealizedPNL=-58.75, realizedPNL=0.0, account='DUQ426424')
2026-05-28 03:49:00,714 INFO ib_async.wrapper: updatePortfolio: PortfolioItem(contract=Future(conId=770561189, symbol='M2K', lastTradeDateOrContractMonth='20260618', right='0', multiplier='5', primaryExchange='CME', currency='USD', localSymbol='M2KM6', tradingClass='M2K'), position=1.0, marketPrice=2916.920166, marketValue=14584.6, averageCost=14645.62, unrealizedPNL=-61.02, realizedPNL=0.0, account='DUQ426424')
2026-05-28 03:52:00,765 INFO ib_async.wrapper: updatePortfolio: PortfolioItem(contract=Future(conId=770561189, symbol='M2K', lastTradeDateOrContractMonth='20260618', right='0', multiplier='5', primaryExchange='CME', currency='USD', localSymbol='M2KM6', tradingClass='M2K'), position=1.0, marketPrice=2917.0600586, marketValue=14585.3, averageCost=14645.62, unrealizedPNL=-60.32, realizedPNL=0.0, account='DUQ426424')
2026-05-28 03:55:00,728 INFO ib_async.wrapper: updatePortfolio: PortfolioItem(contract=Future(conId=770561189, symbol='M2K', lastTradeDateOrContractMonth='20260618', right='0', multiplier='5', primaryExchange='CME', currency='USD', localSymbol='M2KM6', tradingClass='M2K'), position=1.0, marketPrice=2918.39990235, marketValue=14592.0, averageCost=14645.62, unrealizedPNL=-53.62, realizedPNL=0.0, account='DUQ426424')
2026-05-28 03:58:00,726 INFO ib_async.wrapper: updatePortfolio: PortfolioItem(contract=Future(conId=770561189, symbol='M2K', lastTradeDateOrContractMonth='20260618', right='0', multiplier='5', primaryExchange='CME', currency='USD', localSymbol='M2KM6', tradingClass='M2K'), position=1.0, marketPrice=2918.19995115, marketValue=14591.0, averageCost=14645.62, unrealizedPNL=-54.62, realizedPNL=0.0, account='DUQ426424')
2026-05-28 04:01:00,721 INFO ib_async.wrapper: updatePortfolio: PortfolioItem(contract=Future(conId=770561189, symbol='M2K', lastTradeDateOrContractMonth='20260618', right='0', multiplier='5', primaryExchange='CME', currency='USD', localSymbol='M2KM6', tradingClass='M2K'), position=1.0, marketPrice=2918.5, marketValue=14592.5, averageCost=14645.62, unrealizedPNL=-53.12, realizedPNL=0.0, account='DUQ426424')
2026-05-28 04:04:00,728 INFO ib_async.wrapper: updatePortfolio: PortfolioItem(contract=Future(conId=770561189, symbol='M2K', lastTradeDateOrContractMonth='20260618', right='0', multiplier='5', primaryExchange='CME', currency='USD', localSymbol='M2KM6', tradingClass='M2K'), position=1.0, marketPrice=2920.0600586, marketValue=14600.3, averageCost=14645.62, unrealizedPNL=-45.32, realizedPNL=0.0, account='DUQ426424')
2026-05-28 04:07:00,755 INFO ib_async.wrapper: updatePortfolio: PortfolioItem(contract=Future(conId=770561189, symbol='M2K', lastTradeDateOrContractMonth='20260618', right='0', multiplier='5', primaryExchange='CME', currency='USD', localSymbol='M2KM6', tradingClass='M2K'), position=1.0, marketPrice=2919.6401367, marketValue=14598.2, averageCost=14645.62, unrealizedPNL=-47.42, realizedPNL=0.0, account='DUQ426424')
2026-05-28 04:10:00,766 INFO ib_async.wrapper: updatePortfolio: PortfolioItem(contract=Future(conId=770561189, symbol='M2K', lastTradeDateOrContractMonth='20260618', right='0', multiplier='5', primaryExchange='CME', currency='USD', localSymbol='M2KM6', tradingClass='M2K'), position=1.0, marketPrice=2917.70214845, marketValue=14588.51, averageCost=14645.62, unrealizedPNL=-57.11, realizedPNL=0.0, account='DUQ426424')
2026-05-28 04:13:00,778 INFO ib_async.wrapper: updatePortfolio: PortfolioItem(contract=Future(conId=770561189, symbol='M2K', lastTradeDateOrContractMonth='20260618', right='0', multiplier='5', primaryExchange='CME', currency='USD', localSymbol='M2KM6', tradingClass='M2K'), position=1.0, marketPrice=2918.37036135, marketValue=14591.85, averageCost=14645.62, unrealizedPNL=-53.77, realizedPNL=0.0, account='DUQ426424')
2026-05-28 04:16:00,814 INFO ib_async.wrapper: updatePortfolio: PortfolioItem(contract=Future(conId=770561189, symbol='M2K', lastTradeDateOrContractMonth='20260618', right='0', multiplier='5', primaryExchange='CME', currency='USD', localSymbol='M2KM6', tradingClass='M2K'), position=1.0, marketPrice=2918.5722656, marketValue=14592.86, averageCost=14645.62, unrealizedPNL=-52.76, realizedPNL=0.0, account='DUQ426424')
2026-05-28 04:19:00,831 INFO ib_async.wrapper: updatePortfolio: PortfolioItem(contract=Future(conId=770561189, symbol='M2K', lastTradeDateOrContractMonth='20260618', right='0', multiplier='5', primaryExchange='CME', currency='USD', localSymbol='M2KM6', tradingClass='M2K'), position=1.0, marketPrice=2919.3688965, marketValue=14596.84, averageCost=14645.62, unrealizedPNL=-48.78, realizedPNL=0.0, account='DUQ426424')
2026-05-28 04:22:00,937 INFO ib_async.wrapper: updatePortfolio: PortfolioItem(contract=Future(conId=770561189, symbol='M2K', lastTradeDateOrContractMonth='20260618', right='0', multiplier='5', primaryExchange='CME', currency='USD', localSymbol='M2KM6', tradingClass='M2K'), position=1.0, marketPrice=2919.60009765, marketValue=14598.0, averageCost=14645.62, unrealizedPNL=-47.62, realizedPNL=0.0, account='DUQ426424')
2026-05-28 04:25:00,946 INFO ib_async.wrapper: updatePortfolio: PortfolioItem(contract=Future(conId=770561189, symbol='M2K', lastTradeDateOrContractMonth='20260618', right='0', multiplier='5', primaryExchange='CME', currency='USD', localSymbol='M2KM6', tradingClass='M2K'), position=1.0, marketPrice=2919.39990235, marketValue=14597.0, averageCost=14645.62, unrealizedPNL=-48.62, realizedPNL=0.0, account='DUQ426424')
2026-05-28 04:28:00,954 INFO ib_async.wrapper: updatePortfolio: PortfolioItem(contract=Future(conId=770561189, symbol='M2K', lastTradeDateOrContractMonth='20260618', right='0', multiplier='5', primaryExchange='CME', currency='USD', localSymbol='M2KM6', tradingClass='M2K'), position=1.0, marketPrice=2919.60009765, marketValue=14598.0, averageCost=14645.62, unrealizedPNL=-47.62, realizedPNL=0.0, account='DUQ426424')
2026-05-28 04:31:00,976 INFO ib_async.wrapper: updatePortfolio: PortfolioItem(contract=Future(conId=770561189, symbol='M2K', lastTradeDateOrContractMonth='20260618', right='0', multiplier='5', primaryExchange='CME', currency='USD', localSymbol='M2KM6', tradingClass='M2K'), position=1.0, marketPrice=2918.65893555, marketValue=14593.29, averageCost=14645.62, unrealizedPNL=-52.33, realizedPNL=0.0, account='DUQ426424')
2026-05-28 04:34:00,995 INFO ib_async.wrapper: updatePortfolio: PortfolioItem(contract=Future(conId=770561189, symbol='M2K', lastTradeDateOrContractMonth='20260618', right='0', multiplier='5', primaryExchange='CME', currency='USD', localSymbol='M2KM6', tradingClass='M2K'), position=1.0, marketPrice=2917.40112305, marketValue=14587.01, averageCost=14645.62, unrealizedPNL=-58.61, realizedPNL=0.0, account='DUQ426424')
2026-05-28 04:37:00,686 INFO ib_async.wrapper: updatePortfolio: PortfolioItem(contract=Future(conId=770561189, symbol='M2K', lastTradeDateOrContractMonth='20260618', right='0', multiplier='5', primaryExchange='CME', currency='USD', localSymbol='M2KM6', tradingClass='M2K'), position=1.0, marketPrice=2918.69995115, marketValue=14593.5, averageCost=14645.62, unrealizedPNL=-52.12, realizedPNL=0.0, account='DUQ426424')
2026-05-28 04:40:00,697 INFO ib_async.wrapper: updatePortfolio: PortfolioItem(contract=Future(conId=770561189, symbol='M2K', lastTradeDateOrContractMonth='20260618', right='0', multiplier='5', primaryExchange='CME', currency='USD', localSymbol='M2KM6', tradingClass='M2K'), position=1.0, marketPrice=2917.34399415, marketValue=14586.72, averageCost=14645.62, unrealizedPNL=-58.9, realizedPNL=0.0, account='DUQ426424')
2026-05-28 04:43:00,751 INFO ib_async.wrapper: updatePortfolio: PortfolioItem(contract=Future(conId=770561189, symbol='M2K', lastTradeDateOrContractMonth='20260618', right='0', multiplier='5', primaryExchange='CME', currency='USD', localSymbol='M2KM6', tradingClass='M2K'), position=1.0, marketPrice=2917.69995115, marketValue=14588.5, averageCost=14645.62, unrealizedPNL=-57.12, realizedPNL=0.0, account='DUQ426424')
2026-05-28 04:46:00,772 INFO ib_async.wrapper: updatePortfolio: PortfolioItem(contract=Future(conId=770561189, symbol='M2K', lastTradeDateOrContractMonth='20260618', right='0', multiplier='5', primaryExchange='CME', currency='USD', localSymbol='M2KM6', tradingClass='M2K'), position=1.0, marketPrice=2916.56152345, marketValue=14582.81, averageCost=14645.62, unrealizedPNL=-62.81, realizedPNL=0.0, account='DUQ426424')
2026-05-28 04:49:00,705 INFO ib_async.wrapper: updatePortfolio: PortfolioItem(contract=Future(conId=770561189, symbol='M2K', lastTradeDateOrContractMonth='20260618', right='0', multiplier='5', primaryExchange='CME', currency='USD', localSymbol='M2KM6', tradingClass='M2K'), position=1.0, marketPrice=2918.30004885, marketValue=14591.5, averageCost=14645.62, unrealizedPNL=-54.12, realizedPNL=0.0, account='DUQ426424')
2026-05-28 04:52:00,714 INFO ib_async.wrapper: updatePortfolio: PortfolioItem(contract=Future(conId=770561189, symbol='M2K', lastTradeDateOrContractMonth='20260618', right='0', multiplier='5', primaryExchange='CME', currency='USD', localSymbol='M2KM6', tradingClass='M2K'), position=1.0, marketPrice=2918.95996095, marketValue=14594.8, averageCost=14645.62, unrealizedPNL=-50.82, realizedPNL=0.0, account='DUQ426424')
2026-05-28 04:55:00,733 INFO ib_async.wrapper: updatePortfolio: PortfolioItem(contract=Future(conId=770561189, symbol='M2K', lastTradeDateOrContractMonth='20260618', right='0', multiplier='5', primaryExchange='CME', currency='USD', localSymbol='M2KM6', tradingClass='M2K'), position=1.0, marketPrice=2919.5600586, marketValue=14597.8, averageCost=14645.62, unrealizedPNL=-47.82, realizedPNL=0.0, account='DUQ426424')
2026-05-28 04:58:00,770 INFO ib_async.wrapper: updatePortfolio: PortfolioItem(contract=Future(conId=770561189, symbol='M2K', lastTradeDateOrContractMonth='20260618', right='0', multiplier='5', primaryExchange='CME', currency='USD', localSymbol='M2KM6', tradingClass='M2K'), position=1.0, marketPrice=2919.30004885, marketValue=14596.5, averageCost=14645.62, unrealizedPNL=-49.12, realizedPNL=0.0, account='DUQ426424')
2026-05-28 05:01:00,793 INFO ib_async.wrapper: updatePortfolio: PortfolioItem(contract=Future(conId=770561189, symbol='M2K', lastTradeDateOrContractMonth='20260618', right='0', multiplier='5', primaryExchange='CME', currency='USD', localSymbol='M2KM6', tradingClass='M2K'), position=1.0, marketPrice=2919.69995115, marketValue=14598.5, averageCost=14645.62, unrealizedPNL=-47.12, realizedPNL=0.0, account='DUQ426424')
2026-05-28 05:04:00,792 INFO ib_async.wrapper: updatePortfolio: PortfolioItem(contract=Future(conId=770561189, symbol='M2K', lastTradeDateOrContractMonth='20260618', right='0', multiplier='5', primaryExchange='CME', currency='USD', localSymbol='M2KM6', tradingClass='M2K'), position=1.0, marketPrice=2918.64331055, marketValue=14593.22, averageCost=14645.62, unrealizedPNL=-52.4, realizedPNL=0.0, account='DUQ426424')
2026-05-28 05:07:00,719 INFO ib_async.wrapper: updatePortfolio: PortfolioItem(contract=Future(conId=770561189, symbol='M2K', lastTradeDateOrContractMonth='20260618', right='0', multiplier='5', primaryExchange='CME', currency='USD', localSymbol='M2KM6', tradingClass='M2K'), position=1.0, marketPrice=2916.8598633, marketValue=14584.3, averageCost=14645.62, unrealizedPNL=-61.32, realizedPNL=0.0, account='DUQ426424')
2026-05-28 05:10:00,751 INFO ib_async.wrapper: updatePortfolio: PortfolioItem(contract=Future(conId=770561189, symbol='M2K', lastTradeDateOrContractMonth='20260618', right='0', multiplier='5', primaryExchange='CME', currency='USD', localSymbol='M2KM6', tradingClass='M2K'), position=1.0, marketPrice=2918.1401367, marketValue=14590.7, averageCost=14645.62, unrealizedPNL=-54.92, realizedPNL=0.0, account='DUQ426424')
2026-05-28 05:13:00,728 INFO ib_async.wrapper: updatePortfolio: PortfolioItem(contract=Future(conId=770561189, symbol='M2K', lastTradeDateOrContractMonth='20260618', right='0', multiplier='5', primaryExchange='CME', currency='USD', localSymbol='M2KM6', tradingClass='M2K'), position=1.0, marketPrice=2918.8400879, marketValue=14594.2, averageCost=14645.62, unrealizedPNL=-51.42, realizedPNL=0.0, account='DUQ426424')
2026-05-28 05:16:00,734 INFO ib_async.wrapper: updatePortfolio: PortfolioItem(contract=Future(conId=770561189, symbol='M2K', lastTradeDateOrContractMonth='20260618', right='0', multiplier='5', primaryExchange='CME', currency='USD', localSymbol='M2KM6', tradingClass='M2K'), position=1.0, marketPrice=2918.39990235, marketValue=14592.0, averageCost=14645.62, unrealizedPNL=-53.62, realizedPNL=0.0, account='DUQ426424')
2026-05-28 05:19:00,831 INFO ib_async.wrapper: updatePortfolio: PortfolioItem(contract=Future(conId=770561189, symbol='M2K', lastTradeDateOrContractMonth='20260618', right='0', multiplier='5', primaryExchange='CME', currency='USD', localSymbol='M2KM6', tradingClass='M2K'), position=1.0, marketPrice=2917.6401367, marketValue=14588.2, averageCost=14645.62, unrealizedPNL=-57.42, realizedPNL=0.0, account='DUQ426424')
2026-05-28 05:22:00,851 INFO ib_async.wrapper: updatePortfolio: PortfolioItem(contract=Future(conId=770561189, symbol='M2K', lastTradeDateOrContractMonth='20260618', right='0', multiplier='5', primaryExchange='CME', currency='USD', localSymbol='M2KM6', tradingClass='M2K'), position=1.0, marketPrice=2916.76000975, marketValue=14583.8, averageCost=14645.62, unrealizedPNL=-61.82, realizedPNL=0.0, account='DUQ426424')
2026-05-28 05:25:00,775 INFO ib_async.wrapper: updatePortfolio: PortfolioItem(contract=Future(conId=770561189, symbol='M2K', lastTradeDateOrContractMonth='20260618', right='0', multiplier='5', primaryExchange='CME', currency='USD', localSymbol='M2KM6', tradingClass='M2K'), position=1.0, marketPrice=2915.5, marketValue=14577.5, averageCost=14645.62, unrealizedPNL=-68.12, realizedPNL=0.0, account='DUQ426424')
2026-05-28 05:28:00,743 INFO ib_async.wrapper: updatePortfolio: PortfolioItem(contract=Future(conId=770561189, symbol='M2K', lastTradeDateOrContractMonth='20260618', right='0', multiplier='5', primaryExchange='CME', currency='USD', localSymbol='M2KM6', tradingClass='M2K'), position=1.0, marketPrice=2916.76000975, marketValue=14583.8, averageCost=14645.62, unrealizedPNL=-61.82, realizedPNL=0.0, account='DUQ426424')
2026-05-28 05:31:00,803 INFO ib_async.wrapper: updatePortfolio: PortfolioItem(contract=Future(conId=770561189, symbol='M2K', lastTradeDateOrContractMonth='20260618', right='0', multiplier='5', primaryExchange='CME', currency='USD', localSymbol='M2KM6', tradingClass='M2K'), position=1.0, marketPrice=2916.67993165, marketValue=14583.4, averageCost=14645.62, unrealizedPNL=-62.22, realizedPNL=0.0, account='DUQ426424')
2026-05-28 05:34:00,842 INFO ib_async.wrapper: updatePortfolio: PortfolioItem(contract=Future(conId=770561189, symbol='M2K', lastTradeDateOrContractMonth='20260618', right='0', multiplier='5', primaryExchange='CME', currency='USD', localSymbol='M2KM6', tradingClass='M2K'), position=1.0, marketPrice=2916.8400879, marketValue=14584.2, averageCost=14645.62, unrealizedPNL=-61.42, realizedPNL=0.0, account='DUQ426424')
2026-05-28 05:37:00,754 INFO ib_async.wrapper: updatePortfolio: PortfolioItem(contract=Future(conId=770561189, symbol='M2K', lastTradeDateOrContractMonth='20260618', right='0', multiplier='5', primaryExchange='CME', currency='USD', localSymbol='M2KM6', tradingClass='M2K'), position=1.0, marketPrice=2916.10009765, marketValue=14580.5, averageCost=14645.62, unrealizedPNL=-65.12, realizedPNL=0.0, account='DUQ426424')
2026-05-28 05:40:00,886 INFO ib_async.wrapper: updatePortfolio: PortfolioItem(contract=Future(conId=770561189, symbol='M2K', lastTradeDateOrContractMonth='20260618', right='0', multiplier='5', primaryExchange='CME', currency='USD', localSymbol='M2KM6', tradingClass='M2K'), position=1.0, marketPrice=2915.53881835, marketValue=14577.69, averageCost=14645.62, unrealizedPNL=-67.93, realizedPNL=0.0, account='DUQ426424')
2026-05-28 05:43:01,019 INFO ib_async.wrapper: updatePortfolio: PortfolioItem(contract=Future(conId=770561189, symbol='M2K', lastTradeDateOrContractMonth='20260618', right='0', multiplier='5', primaryExchange='CME', currency='USD', localSymbol='M2KM6', tradingClass='M2K'), position=1.0, marketPrice=2914.6657715, marketValue=14573.33, averageCost=14645.62, unrealizedPNL=-72.29, realizedPNL=0.0, account='DUQ426424')
2026-05-28 05:46:01,299 INFO ib_async.wrapper: updatePortfolio: PortfolioItem(contract=Future(conId=770561189, symbol='M2K', lastTradeDateOrContractMonth='20260618', right='0', multiplier='5', primaryExchange='CME', currency='USD', localSymbol='M2KM6', tradingClass='M2K'), position=1.0, marketPrice=2913.80004885, marketValue=14569.0, averageCost=14645.62, unrealizedPNL=-76.62, realizedPNL=0.0, account='DUQ426424')
2026-05-28 05:49:01,304 INFO ib_async.wrapper: updatePortfolio: PortfolioItem(contract=Future(conId=770561189, symbol='M2K', lastTradeDateOrContractMonth='20260618', right='0', multiplier='5', primaryExchange='CME', currency='USD', localSymbol='M2KM6', tradingClass='M2K'), position=1.0, marketPrice=2913.92211915, marketValue=14569.61, averageCost=14645.62, unrealizedPNL=-76.01, realizedPNL=0.0, account='DUQ426424')
2026-05-28 05:52:01,431 INFO ib_async.wrapper: updatePortfolio: PortfolioItem(contract=Future(conId=770561189, symbol='M2K', lastTradeDateOrContractMonth='20260618', right='0', multiplier='5', primaryExchange='CME', currency='USD', localSymbol='M2KM6', tradingClass='M2K'), position=1.0, marketPrice=2912.8117676, marketValue=14564.06, averageCost=14645.62, unrealizedPNL=-81.56, realizedPNL=0.0, account='DUQ426424')
2026-05-28 05:55:01,546 INFO ib_async.wrapper: updatePortfolio: PortfolioItem(contract=Future(conId=770561189, symbol='M2K', lastTradeDateOrContractMonth='20260618', right='0', multiplier='5', primaryExchange='CME', currency='USD', localSymbol='M2KM6', tradingClass='M2K'), position=1.0, marketPrice=2912.85180665, marketValue=14564.26, averageCost=14645.62, unrealizedPNL=-81.36, realizedPNL=0.0, account='DUQ426424')
2026-05-28 05:58:01,666 INFO ib_async.wrapper: updatePortfolio: PortfolioItem(contract=Future(conId=770561189, symbol='M2K', lastTradeDateOrContractMonth='20260618', right='0', multiplier='5', primaryExchange='CME', currency='USD', localSymbol='M2KM6', tradingClass='M2K'), position=1.0, marketPrice=2912.8400879, marketValue=14564.2, averageCost=14645.62, unrealizedPNL=-81.42, realizedPNL=0.0, account='DUQ426424')
2026-05-28 06:01:02,018 INFO ib_async.wrapper: updatePortfolio: PortfolioItem(contract=Future(conId=770561189, symbol='M2K', lastTradeDateOrContractMonth='20260618', right='0', multiplier='5', primaryExchange='CME', currency='USD', localSymbol='M2KM6', tradingClass='M2K'), position=1.0, marketPrice=2910.60009765, marketValue=14553.0, averageCost=14645.62, unrealizedPNL=-92.62, realizedPNL=0.0, account='DUQ426424')
2026-05-28 06:04:02,076 INFO ib_async.wrapper: updatePortfolio: PortfolioItem(contract=Future(conId=770561189, symbol='M2K', lastTradeDateOrContractMonth='20260618', right='0', multiplier='5', primaryExchange='CME', currency='USD', localSymbol='M2KM6', tradingClass='M2K'), position=1.0, marketPrice=2912.5307617, marketValue=14562.65, averageCost=14645.62, unrealizedPNL=-82.97, realizedPNL=0.0, account='DUQ426424')
2026-05-28 06:07:02,269 INFO ib_async.wrapper: updatePortfolio: PortfolioItem(contract=Future(conId=770561189, symbol='M2K', lastTradeDateOrContractMonth='20260618', right='0', multiplier='5', primaryExchange='CME', currency='USD', localSymbol='M2KM6', tradingClass='M2K'), position=1.0, marketPrice=2911.6401367, marketValue=14558.2, averageCost=14645.62, unrealizedPNL=-87.42, realizedPNL=0.0, account='DUQ426424')
2026-05-28 06:10:02,392 INFO ib_async.wrapper: updatePortfolio: PortfolioItem(contract=Future(conId=770561189, symbol='M2K', lastTradeDateOrContractMonth='20260618', right='0', multiplier='5', primaryExchange='CME', currency='USD', localSymbol='M2KM6', tradingClass='M2K'), position=1.0, marketPrice=2911.24780275, marketValue=14556.24, averageCost=14645.62, unrealizedPNL=-89.38, realizedPNL=0.0, account='DUQ426424')
2026-05-28 06:13:02,512 INFO ib_async.wrapper: updatePortfolio: PortfolioItem(contract=Future(conId=770561189, symbol='M2K', lastTradeDateOrContractMonth='20260618', right='0', multiplier='5', primaryExchange='CME', currency='USD', localSymbol='M2KM6', tradingClass='M2K'), position=1.0, marketPrice=2910.4616699, marketValue=14552.31, averageCost=14645.62, unrealizedPNL=-93.31, realizedPNL=0.0, account='DUQ426424')
2026-05-28 06:16:02,931 INFO ib_async.wrapper: updatePortfolio: PortfolioItem(contract=Future(conId=770561189, symbol='M2K', lastTradeDateOrContractMonth='20260618', right='0', multiplier='5', primaryExchange='CME', currency='USD', localSymbol='M2KM6', tradingClass='M2K'), position=1.0, marketPrice=2910.78637695, marketValue=14553.93, averageCost=14645.62, unrealizedPNL=-91.69, realizedPNL=0.0, account='DUQ426424')
2026-05-28 06:19:02,989 INFO ib_async.wrapper: updatePortfolio: PortfolioItem(contract=Future(conId=770561189, symbol='M2K', lastTradeDateOrContractMonth='20260618', right='0', multiplier='5', primaryExchange='CME', currency='USD', localSymbol='M2KM6', tradingClass='M2K'), position=1.0, marketPrice=2911.0, marketValue=14555.0, averageCost=14645.62, unrealizedPNL=-90.62, realizedPNL=0.0, account='DUQ426424')
2026-05-28 06:22:03,182 INFO ib_async.wrapper: updatePortfolio: PortfolioItem(contract=Future(conId=770561189, symbol='M2K', lastTradeDateOrContractMonth='20260618', right='0', multiplier='5', primaryExchange='CME', currency='USD', localSymbol='M2KM6', tradingClass='M2K'), position=1.0, marketPrice=2912.0, marketValue=14560.0, averageCost=14645.62, unrealizedPNL=-85.62, realizedPNL=0.0, account='DUQ426424')
2026-05-28 06:25:03,252 INFO ib_async.wrapper: updatePortfolio: PortfolioItem(contract=Future(conId=770561189, symbol='M2K', lastTradeDateOrContractMonth='20260618', right='0', multiplier='5', primaryExchange='CME', currency='USD', localSymbol='M2KM6', tradingClass='M2K'), position=1.0, marketPrice=2911.3400879, marketValue=14556.7, averageCost=14645.62, unrealizedPNL=-88.92, realizedPNL=0.0, account='DUQ426424')
2026-05-28 06:28:03,416 INFO ib_async.wrapper: updatePortfolio: PortfolioItem(contract=Future(conId=770561189, symbol='M2K', lastTradeDateOrContractMonth='20260618', right='0', multiplier='5', primaryExchange='CME', currency='USD', localSymbol='M2KM6', tradingClass='M2K'), position=1.0, marketPrice=2910.60009765, marketValue=14553.0, averageCost=14645.62, unrealizedPNL=-92.62, realizedPNL=0.0, account='DUQ426424')
2026-05-28 06:31:03,800 INFO ib_async.wrapper: updatePortfolio: PortfolioItem(contract=Future(conId=770561189, symbol='M2K', lastTradeDateOrContractMonth='20260618', right='0', multiplier='5', primaryExchange='CME', currency='USD', localSymbol='M2KM6', tradingClass='M2K'), position=1.0, marketPrice=2909.89990235, marketValue=14549.5, averageCost=14645.62, unrealizedPNL=-96.12, realizedPNL=0.0, account='DUQ426424')
2026-05-28 06:34:03,833 INFO ib_async.wrapper: updatePortfolio: PortfolioItem(contract=Future(conId=770561189, symbol='M2K', lastTradeDateOrContractMonth='20260618', right='0', multiplier='5', primaryExchange='CME', currency='USD', localSymbol='M2KM6', tradingClass='M2K'), position=1.0, marketPrice=2910.0, marketValue=14550.0, averageCost=14645.62, unrealizedPNL=-95.62, realizedPNL=0.0, account='DUQ426424')
2026-05-28 06:37:00,707 INFO ib_async.wrapper: updatePortfolio: PortfolioItem(contract=Future(conId=770561189, symbol='M2K', lastTradeDateOrContractMonth='20260618', right='0', multiplier='5', primaryExchange='CME', currency='USD', localSymbol='M2KM6', tradingClass='M2K'), position=1.0, marketPrice=2910.1599121, marketValue=14550.8, averageCost=14645.62, unrealizedPNL=-94.82, realizedPNL=0.0, account='DUQ426424')
2026-05-28 06:40:00,733 INFO ib_async.wrapper: updatePortfolio: PortfolioItem(contract=Future(conId=770561189, symbol='M2K', lastTradeDateOrContractMonth='20260618', right='0', multiplier='5', primaryExchange='CME', currency='USD', localSymbol='M2KM6', tradingClass='M2K'), position=1.0, marketPrice=2910.73999025, marketValue=14553.7, averageCost=14645.62, unrealizedPNL=-91.92, realizedPNL=0.0, account='DUQ426424')
2026-05-28 06:43:00,742 INFO ib_async.wrapper: updatePortfolio: PortfolioItem(contract=Future(conId=770561189, symbol='M2K', lastTradeDateOrContractMonth='20260618', right='0', multiplier='5', primaryExchange='CME', currency='USD', localSymbol='M2KM6', tradingClass='M2K'), position=1.0, marketPrice=2912.5012207, marketValue=14562.51, averageCost=14645.62, unrealizedPNL=-83.11, realizedPNL=0.0, account='DUQ426424')
2026-05-28 06:46:00,687 INFO ib_async.wrapper: updatePortfolio: PortfolioItem(contract=Future(conId=770561189, symbol='M2K', lastTradeDateOrContractMonth='20260618', right='0', multiplier='5', primaryExchange='CME', currency='USD', localSymbol='M2KM6', tradingClass='M2K'), position=1.0, marketPrice=2912.80004885, marketValue=14564.0, averageCost=14645.62, unrealizedPNL=-81.62, realizedPNL=0.0, account='DUQ426424')
2026-05-28 06:49:00,738 INFO ib_async.wrapper: updatePortfolio: PortfolioItem(contract=Future(conId=770561189, symbol='M2K', lastTradeDateOrContractMonth='20260618', right='0', multiplier='5', primaryExchange='CME', currency='USD', localSymbol='M2KM6', tradingClass='M2K'), position=1.0, marketPrice=2912.58813475, marketValue=14562.94, averageCost=14645.62, unrealizedPNL=-82.68, realizedPNL=0.0, account='DUQ426424')
2026-05-28 06:52:00,697 INFO ib_async.wrapper: updatePortfolio: PortfolioItem(contract=Future(conId=770561189, symbol='M2K', lastTradeDateOrContractMonth='20260618', right='0', multiplier='5', primaryExchange='CME', currency='USD', localSymbol='M2KM6', tradingClass='M2K'), position=1.0, marketPrice=2912.47753905, marketValue=14562.39, averageCost=14645.62, unrealizedPNL=-83.23, realizedPNL=0.0, account='DUQ426424')
2026-05-28 06:55:00,784 INFO ib_async.wrapper: updatePortfolio: PortfolioItem(contract=Future(conId=770561189, symbol='M2K', lastTradeDateOrContractMonth='20260618', right='0', multiplier='5', primaryExchange='CME', currency='USD', localSymbol='M2KM6', tradingClass='M2K'), position=1.0, marketPrice=2912.30444335, marketValue=14561.52, averageCost=14645.62, unrealizedPNL=-84.1, realizedPNL=0.0, account='DUQ426424')
2026-05-28 06:58:00,687 INFO ib_async.wrapper: updatePortfolio: PortfolioItem(contract=Future(conId=770561189, symbol='M2K', lastTradeDateOrContractMonth='20260618', right='0', multiplier='5', primaryExchange='CME', currency='USD', localSymbol='M2KM6', tradingClass='M2K'), position=1.0, marketPrice=2912.8076172, marketValue=14564.04, averageCost=14645.62, unrealizedPNL=-81.58, realizedPNL=0.0, account='DUQ426424')
2026-05-28 07:01:00,703 INFO ib_async.wrapper: updatePortfolio: PortfolioItem(contract=Future(conId=770561189, symbol='M2K', lastTradeDateOrContractMonth='20260618', right='0', multiplier='5', primaryExchange='CME', currency='USD', localSymbol='M2KM6', tradingClass='M2K'), position=1.0, marketPrice=2912.16064455, marketValue=14560.8, averageCost=14645.62, unrealizedPNL=-84.82, realizedPNL=0.0, account='DUQ426424')
2026-05-28 07:04:00,695 INFO ib_async.wrapper: updatePortfolio: PortfolioItem(contract=Future(conId=770561189, symbol='M2K', lastTradeDateOrContractMonth='20260618', right='0', multiplier='5', primaryExchange='CME', currency='USD', localSymbol='M2KM6', tradingClass='M2K'), position=1.0, marketPrice=2911.8400879, marketValue=14559.2, averageCost=14645.62, unrealizedPNL=-86.42, realizedPNL=0.0, account='DUQ426424')
2026-05-28 07:07:01,013 INFO ib_async.wrapper: updatePortfolio: PortfolioItem(contract=Future(conId=770561189, symbol='M2K', lastTradeDateOrContractMonth='20260618', right='0', multiplier='5', primaryExchange='CME', currency='USD', localSymbol='M2KM6', tradingClass='M2K'), position=1.0, marketPrice=2912.19995115, marketValue=14561.0, averageCost=14645.62, unrealizedPNL=-84.62, realizedPNL=0.0, account='DUQ426424')
2026-05-28 07:10:00,712 INFO ib_async.wrapper: updatePortfolio: PortfolioItem(contract=Future(conId=770561189, symbol='M2K', lastTradeDateOrContractMonth='20260618', right='0', multiplier='5', primaryExchange='CME', currency='USD', localSymbol='M2KM6', tradingClass='M2K'), position=1.0, marketPrice=2911.16064455, marketValue=14555.8, averageCost=14645.62, unrealizedPNL=-89.82, realizedPNL=0.0, account='DUQ426424')
2026-05-28 07:13:00,751 INFO ib_async.wrapper: updatePortfolio: PortfolioItem(contract=Future(conId=770561189, symbol='M2K', lastTradeDateOrContractMonth='20260618', right='0', multiplier='5', primaryExchange='CME', currency='USD', localSymbol='M2KM6', tradingClass='M2K'), position=1.0, marketPrice=2911.6401367, marketValue=14558.2, averageCost=14645.62, unrealizedPNL=-87.42, realizedPNL=0.0, account='DUQ426424')
2026-05-28 07:16:00,733 INFO ib_async.wrapper: updatePortfolio: PortfolioItem(contract=Future(conId=770561189, symbol='M2K', lastTradeDateOrContractMonth='20260618', right='0', multiplier='5', primaryExchange='CME', currency='USD', localSymbol='M2KM6', tradingClass='M2K'), position=1.0, marketPrice=2912.5, marketValue=14562.5, averageCost=14645.62, unrealizedPNL=-83.12, realizedPNL=0.0, account='DUQ426424')
2026-05-28 07:19:00,719 INFO ib_async.wrapper: updatePortfolio: PortfolioItem(contract=Future(conId=770561189, symbol='M2K', lastTradeDateOrContractMonth='20260618', right='0', multiplier='5', primaryExchange='CME', currency='USD', localSymbol='M2KM6', tradingClass='M2K'), position=1.0, marketPrice=2912.73999025, marketValue=14563.7, averageCost=14645.62, unrealizedPNL=-81.92, realizedPNL=0.0, account='DUQ426424')
2026-05-28 07:22:00,717 INFO ib_async.wrapper: updatePortfolio: PortfolioItem(contract=Future(conId=770561189, symbol='M2K', lastTradeDateOrContractMonth='20260618', right='0', multiplier='5', primaryExchange='CME', currency='USD', localSymbol='M2KM6', tradingClass='M2K'), position=1.0, marketPrice=2912.1401367, marketValue=14560.7, averageCost=14645.62, unrealizedPNL=-84.92, realizedPNL=0.0, account='DUQ426424')
2026-05-28 07:25:00,717 INFO ib_async.wrapper: updatePortfolio: PortfolioItem(contract=Future(conId=770561189, symbol='M2K', lastTradeDateOrContractMonth='20260618', right='0', multiplier='5', primaryExchange='CME', currency='USD', localSymbol='M2KM6', tradingClass='M2K'), position=1.0, marketPrice=2911.04003905, marketValue=14555.2, averageCost=14645.62, unrealizedPNL=-90.42, realizedPNL=0.0, account='DUQ426424')
2026-05-28 07:28:00,715 INFO ib_async.wrapper: updatePortfolio: PortfolioItem(contract=Future(conId=770561189, symbol='M2K', lastTradeDateOrContractMonth='20260618', right='0', multiplier='5', primaryExchange='CME', currency='USD', localSymbol='M2KM6', tradingClass='M2K'), position=1.0, marketPrice=2912.54003905, marketValue=14562.7, averageCost=14645.62, unrealizedPNL=-82.92, realizedPNL=0.0, account='DUQ426424')
2026-05-28 07:31:00,737 INFO ib_async.wrapper: updatePortfolio: PortfolioItem(contract=Future(conId=770561189, symbol='M2K', lastTradeDateOrContractMonth='20260618', right='0', multiplier='5', primaryExchange='CME', currency='USD', localSymbol='M2KM6', tradingClass='M2K'), position=1.0, marketPrice=2915.69995115, marketValue=14578.5, averageCost=14645.62, unrealizedPNL=-67.12, realizedPNL=0.0, account='DUQ426424')
2026-05-28 07:34:00,711 INFO ib_async.wrapper: updatePortfolio: PortfolioItem(contract=Future(conId=770561189, symbol='M2K', lastTradeDateOrContractMonth='20260618', right='0', multiplier='5', primaryExchange='CME', currency='USD', localSymbol='M2KM6', tradingClass='M2K'), position=1.0, marketPrice=2916.279541, marketValue=14581.4, averageCost=14645.62, unrealizedPNL=-64.22, realizedPNL=0.0, account='DUQ426424')
